url,symbol,purchase_date,type,start_date,price_per_share,total_value,total_shares_purchased,cumulative_purchased,treasury_shares_after_purchase
https://links.sgx.com/1.0.0/corporate-announcements/LCONF6LNU7IDPJ7H/c554e8ec8b7bc10f19b748a337922eb51344f83edc9012e13db5c49603533966,U77,2025-11-06,On Market,2025-04-24,{'price_paid_per_share': 0.305},3087.19,10000,684900,15918074
https://links.sgx.com/1.0.0/corporate-announcements/6Z39OLA2ZLJ5TSVR/e3d0dd33688153b29b12e4a1ef949b306f4863b177ba9aaf7d17516a17247225,LVR,2025-11-06,On Market,2025-04-28,"{'highest': 1.07, 'lowest': 1.04}",89578.46,84300,5590300,7190100
https://links.sgx.com/1.0.0/corporate-announcements/H763ZM86LN9OILY7/b89238cd057195a4007e26745a4e56f7e0f6987ca1647250a5dc94750ddad3df,C33,2025-11-06,On Market,2025-10-28,{'price_paid_per_share': 0.225},753351.94,3342400,3957200,17595800
https://links.sgx.com/1.0.0/corporate-announcements/99PAUJZ06DTR2021/19d500b8f554dd6058ab66c8b613c70fbd7a3d1d0d46b167af4778452afda83a,C33,2025-11-07,On Market,2025-10-28,{'price_paid_per_share': 0.22837},157850.49,690000,4647200,18285800
https://links.sgx.com/1.0.0/corporate-announcements/JLMIDBFE7PV675ES/8f44fbff3f74f67febde394c35c737027c8f0f6f6f31eee4cc47bda41cb01817,LVR,2025-11-07,On Market,2025-04-28,"{'highest': 1.08, 'lowest': 1.06}",94369.94,87400,5677700,7277500
https://links.sgx.com/1.0.0/corporate-announcements/PC8EHY34RFGWL9U4/c261d2944234bef3703e119bd36e368a4f26d6e03bae4ab2361d868ab3a6e428,XJB,2025-11-07,On Market,2025-04-28,{'price_paid_per_share': 0.15233},347.66,2100,614400,4732600
https://links.sgx.com/1.0.0/corporate-announcements/MMRX01YZY1EDFNPM/a1600a0d6a75234a132df030df69f78e0b5fc6a5630075633cc0aa3ef84dc8fa,U77,2025-11-06,On Market,2025-04-24,{'price_paid_per_share': 0.3},3037.1,10000,694900,15928074
https://links.sgx.com/1.0.0/corporate-announcements/TMSLDJKYLK7MMPT9/2d1f34a4cd44ae1c6b22b0154eab3c9f4ca0bcae1259ed9b30cd9092762ba422,U77,2025-11-10,On Market,2025-04-24,{'price_paid_per_share': 0.295},1509.51,5000,699900,15933074
https://links.sgx.com/1.0.0/corporate-announcements/TIZ9O73A6B9Q1ZBR/6ea9a8090e2f87a242b6a1a24fafd06dfb5bc42956cc4f43a67970696c83794c,I06,2025-11-10,On Market,2025-04-24,{'price_paid_per_share': 0.37},333.5,900,547400,5847734
https://links.sgx.com/1.0.0/corporate-announcements/EUBVWT3OJXACONVA/4c62e8c1f433b6d9574c4488b1d0c0922f2d1da932519a45a7647a9fe11134b6,LVR,2025-11-10,On Market,2025-04-28,"{'highest': 1.1, 'lowest': 1.07}",109357.39,100000,5777700,7377500
https://links.sgx.com/1.0.0/corporate-announcements/1IZNYS896AHJN5YX/fe377dc1f056bd512c038a611961a5b468dea09d1c84417e7e494bbd462ae6b5,C33,2025-11-10,On Market,2025-10-28,{'price_paid_per_share': 0.23},63107.25,273900,4921100,18559700
https://links.sgx.com/1.0.0/corporate-announcements/MMRX01YZY1EDFNPM/a1600a0d6a75234a132df030df69f78e0b5fc6a5630075633cc0aa3ef84dc8fa,U77,2025-11-06,On Market,2025-04-24,{'price_paid_per_share': 0.3},3037.1,10000,694900,15928074
https://links.sgx.com/1.0.0/corporate-announcements/ED0QXWOYN1FWPOV3/424931a6017ac19df40b5b552d142409d289b5c1410d719cf3bb8f5d4e70b7cf,U77,2025-11-11,On Market,2025-04-24,"{'highest': 0.3, 'lowest': 0.295}",4512.06,15000,704900,15948074
https://links.sgx.com/1.0.0/corporate-announcements/9DQOBAHHG1H1H1N5/28dd5e8b571ab485ee66007e418de3713c9e0584ffeb9ccc28c64b2665314183,LVR,2025-11-11,On Market,2025-04-28,"{'highest': 1.11, 'lowest': 1.1}",83302.98,75000,5852700,7452500
https://links.sgx.com/1.0.0/corporate-announcements/TMSLDJKYLK7MMPT9/2d1f34a4cd44ae1c6b22b0154eab3c9f4ca0bcae1259ed9b30cd9092762ba422,U77,2025-11-10,On Market,2025-04-24,{'price_paid_per_share': 0.295},1509.51,5000,699900,15933074
https://links.sgx.com/1.0.0/corporate-announcements/GBITZBZN99393YRE/c91dea5dfb03e31d2b0ddc81e5049d9cf061c5d9d56ef7b0207de27ae45c8981,U77,2025-11-11,On Market,2025-04-24,"{'highest': 0.3, 'lowest': 0.295}",4512.06,15000,714900,15948074
https://links.sgx.com/1.0.0/corporate-announcements/CC9HAC961OBDHKPV/1e263fb960478f0198504b357d4a5330f842ca726e47f0cb959d332c4a039cc2,U77,2025-11-12,On Market,2025-04-24,"{'highest': 0.3, 'lowest': 0.295}",1550.53,5000,719900,15953074
https://links.sgx.com/1.0.0/corporate-announcements/24IM73DU8MQ972DQ/2e1a9c55ea129e07528d00cb21db0f62537bf8bf2fd3808fb4fe06da2cc27a65,LVR,2025-11-12,On Market,2025-04-28,"{'highest': 1.13, 'lowest': 1.11}",112032.46,100000,5952700,7552500
https://links.sgx.com/1.0.0/corporate-announcements/UREEO6CT0Q2CTDB9/9acb44aa49e51a06b81e40ec81855b656262d636ec4a75c4018839488a23b7bc,I06,2025-11-12,On Market,2025-04-24,{'price_paid_per_share': 0.37},3705.65,10000,557400,5857734
https://links.sgx.com/1.0.0/corporate-announcements/GI4XYIA67AKX7WEI/25625ed87fffa673df71d5fbdfbbf2c1b21f068ceed9439acbd2c63867cd170b,BSL,2025-11-13,On Market,2025-04-25,{'price_paid_per_share': 1.0},610797.88,610000,5424200,37493350
https://links.sgx.com/1.0.0/corporate-announcements/Q9NEQGJ2IT35A56O/803463597a2d21e3517587f6f230a44dd4273cb586893b0da977c51adc6d43e5,I06,2025-11-13,On Market,2025-04-24,{'price_paid_per_share': 0.37},1667.54,4500,561900,5862234
https://links.sgx.com/1.0.0/corporate-announcements/O3G53OBLYKSMAIVA/0511a7ce0b26964dfd7256b6c7a2821d3f87149b66c66baf24b1a0d1ac37ddf6,SET,2025-11-13,On Market,2025-04-29,{'price_paid_per_share': 1.52},200293.95,131500,2382700,0
https://links.sgx.com/1.0.0/corporate-announcements/UCLRTB1TOI3AVGDS/693be6769fb80b983297b1eede2a420ab04e20cce9c591205e911c22b8f5c7a1,XJB,2025-11-13,On Market,2025-04-28,{'price_paid_per_share': 0.15363},150.57,800,615200,4733400
https://links.sgx.com/1.0.0/corporate-announcements/GSLB2U917G9TQLQP/0ddb2819e71caff529a9b73fb089f3530da774055739cd49bfa4b545e965670a,LVR,2025-11-13,On Market,2025-04-28,"{'highest': 1.15, 'lowest': 1.13}",112071.89,97600,6050300,7650100
https://links.sgx.com/1.0.0/corporate-announcements/PJADTDBEJM0K4FLL/bdbc0c712866a329ce8a2056e0ad2e2ef3cd9b0232a742fb085f4b9b5e9c2ea9,C06,2025-11-13,On Market,2025-07-30,{'price_paid_per_share': 0.018},36114.17,2000000,4000000,102082000
https://links.sgx.com/1.0.0/corporate-announcements/GBITZBZN99393YRE/c91dea5dfb03e31d2b0ddc81e5049d9cf061c5d9d56ef7b0207de27ae45c8981,U77,2025-11-11,On Market,2025-04-24,"{'highest': 0.3, 'lowest': 0.295}",4512.06,15000,714900,15948074
https://links.sgx.com/1.0.0/corporate-announcements/CC9HAC961OBDHKPV/1e263fb960478f0198504b357d4a5330f842ca726e47f0cb959d332c4a039cc2,U77,2025-11-12,On Market,2025-04-24,"{'highest': 0.3, 'lowest': 0.295}",1550.53,5000,719900,15953074
https://links.sgx.com/1.0.0/corporate-announcements/LA3VF0PSHSL45HIL/3218b070c7fea714b39234a98559189d58422eaaceff96df3b8c38316d13b45d,LVR,2025-11-14,On Market,2025-04-28,{'price_paid_per_share': 1.16},49858.55,42900,6093200,7693000
https://links.sgx.com/1.0.0/corporate-announcements/FVJZ045SMIIVGFJB/1e9b69283ea34d02858a90cdc9162b66a0f81c1ea3042e575359e910849326fa,C33,2025-11-14,On Market,2025-10-28,{'price_paid_per_share': 0.23},95225.16,413300,5334400,18973000
https://links.sgx.com/1.0.0/corporate-announcements/OS7BPLJJXYV69USY/78f49878c48408038f970469599a7f9842474f01a9f02462eabe6fa2da1136f5,QC7,2025-11-17,On Market,2025-04-28,"{'highest': 0.51, 'lowest': 0.505}",53231.18,103800,6962500,21423881
https://links.sgx.com/1.0.0/corporate-announcements/4UPM972QGW91FF7Y/2458656db1e6a0396df464e23a60744a2753a2a1d23014de73a6160af1612b97,5PF,2025-11-17,On Market,2025-11-17,{'price_paid_per_share': 0.14},184.04,1000,213400,1213400
https://links.sgx.com/1.0.0/corporate-announcements/FJLAMHJV6EN9M3A8/a244c2034f8686fdc56d5e50c9c6c6e9e3b4f39935d2393ce1729aade9aefeec,HLS,2025-11-17,On Market,2025-05-14,"{'highest': 1.02, 'lowest': 1.02}",34680.0,34000,34680,0
https://links.sgx.com/1.0.0/corporate-announcements/S9M21RC5LL6HG4HN/60c012d04818c080f697c7b9c5a996876f1bdf3c368465d01f45360acaa476b6,SET,2025-11-17,On Market,2025-04-29,{'price_paid_per_share': 1.52},198009.23,130000,2512700,0
https://links.sgx.com/1.0.0/corporate-announcements/78HSVYFXM19IXS0U/571b2269b58310761e8a625c25d7c218770f823a1611ec0e2879a87ad448add5,BSL,2025-11-17,On Market,2025-04-25,{'price_paid_per_share': 0.985},887659.54,900000,6324200,38393350
https://links.sgx.com/1.0.0/corporate-announcements/OEW6RARC9VEPRFNQ/1d447169692d183174be37ad0055e4ad5939507465aafa1cd51d77010aab63b7,LVR,2025-11-17,On Market,2025-04-28,"{'highest': 1.18, 'lowest': 1.17}",16104.75,13700,6106900,7706700
https://links.sgx.com/1.0.0/corporate-announcements/NEYK79AXAQTQCEEC/ed73eaa49ddc388ed7a1e5a8ce2c321f0c7a4f2ab25f6cb3bfdc98a32fda000b,AGS,2025-11-17,On Market,2025-07-28,{'price_paid_per_share': 2.17},43504.45,20000,1276100,20000
https://links.sgx.com/1.0.0/corporate-announcements/705NDZZU8J7VY7FG/034613c70b11ef731dd33df8d54074a2e45aaf8223a4435df423aebb1b7c619a,U77,2025-11-18,On Market,2025-04-24,{'price_paid_per_share': 0.29},5841.86,20000,739900,15953074
https://links.sgx.com/1.0.0/corporate-announcements/AUWP9HSWUTCM3GAI/0ca9f227a530bd64f00025172fb8cf82b4ec19b62539053101a622936545e2ad,BSL,2025-11-18,On Market,2025-04-25,"{'highest': 0.985, 'lowest': 0.98}",884685.64,900000,7224200,39293350
https://links.sgx.com/1.0.0/corporate-announcements/9F3E1OGBBOI8PQ70/790d6f181599b552fd88dcd3cd65f9e05884d77846d23ac4c24c119a0becb9ca,LVR,2025-11-18,On Market,2025-04-28,"{'highest': 1.19, 'lowest': 1.15}",118594.91,100000,6206900,7806700
https://links.sgx.com/1.0.0/corporate-announcements/I2RFBBSATGIP39O9/4a8fc42ec832ca80f9d916b83b0dfea1cbe59adf1ee6728c32a666a25df6a6ea,HLS,2025-11-18,On Market,2025-05-14,"{'highest': 1.0, 'lowest': 1.0}",40000.0,40000,74000,0
https://links.sgx.com/1.0.0/corporate-announcements/Q5LAJI5RTG6592SK/b952cc076eaef0637703fc6f5c2ec36e024e53a61520cd93bcc8f6889a2b4480,1B6,2025-11-19,On Market,2025-04-29,{'price_paid_per_share': 0.039},5709.26,145200,244400,244400
https://links.sgx.com/1.0.0/corporate-announcements/O6NTKAZWRUJO16VT/78b470046758bf301fdc9e0f4a857116edc8f8aaeb519a5469d8d69208b2d8de,LVR,2025-11-19,On Market,2025-04-28,"{'highest': 1.18, 'lowest': 1.12}",114306.78,100000,6306900,7906700
https://links.sgx.com/1.0.0/corporate-announcements/MMXTA8LPQ0ATFBNG/4f29777e57d13d6c61c257240b64fff618e12848de387d5711c7729eecf31e69,U77,2025-11-19,On Market,2025-04-24,{'price_paid_per_share': 0.29},1484.47,5000,744900,15958074
https://links.sgx.com/1.0.0/corporate-announcements/V2PGZNL8GGOZRAMQ/8af56026df4e30f6d97507ea891f806772e823c63527c4e32e7223dfa9a22428,B73,2025-11-19,On Market,2025-04-29,{'price_paid_per_share': 0.128},22981.11,179400,18625300,47210939
https://links.sgx.com/1.0.0/corporate-announcements/ZPHTAB3MPST2RBQO/7ce75946168d73654d96b20cfd27b747f3b48f20cb1fd66fd3cc7bb3262626b0,I06,2025-11-19,On Market,2025-04-24,{'price_paid_per_share': 0.37},185.29,500,562400,5862734
https://links.sgx.com/1.0.0/corporate-announcements/1TA09289QE0R5SJK/0b3a42d161d299dd240c7d7825c4e43143b22c65926d50903310703f3b12b750,H30,2025-11-19,On Market,2025-04-30,"{'highest': 0.74, 'lowest': 0.73}",589610.27,800000,800000,52115000
https://links.sgx.com/1.0.0/corporate-announcements/WX65AZ3EKGARSK7H/bcd6f497ffe5180cfca4c3153805ca77e4190fdf2fa40f89285071b08a063adf,AGS,2025-11-19,On Market,2025-07-28,{'price_paid_per_share': 2.2},37490.06,17000,1293100,37000
https://links.sgx.com/1.0.0/corporate-announcements/8VBLRAWYU3C7MZPF/ac2752843971fafcebb56dc353378777dae2c2c59ded70ba674b0d8233ab9f29,C06,2025-11-19,On Market,2025-07-30,{'price_paid_per_share': 0.015},30095.21,2000000,6000000,104082000
https://links.sgx.com/1.0.0/corporate-announcements/705NDZZU8J7VY7FG/034613c70b11ef731dd33df8d54074a2e45aaf8223a4435df423aebb1b7c619a,U77,2025-11-18,On Market,2025-04-24,{'price_paid_per_share': 0.29},5841.86,20000,739900,15953074
https://links.sgx.com/1.0.0/corporate-announcements/SYHMG7A0DHFHG9DU/908eb4953502de83079d30b81cae99159cf6dd5b041a06ca16c3974ba4a74577,U77,2025-11-20,On Market,2025-04-24,"{'highest': 0.29, 'lowest': 0.285}",2960.63,10000,754900,15988074
https://links.sgx.com/1.0.0/corporate-announcements/P43HJZQIGGAGP8PY/4886dcb3a41f057029dff218100bf0171918e7de8fdc991f2e2bde0f38d51e2e,U77,2025-11-19,On Market,2025-04-24,{'price_paid_per_share': 0.29},1484.47,5000,744900,15978074
https://links.sgx.com/1.0.0/corporate-announcements/OOTEJ5PWHN52H2E4/252ff7c7f621d5395fa8928690eab16b166197a3bf46a4ea36330fb09a166139,U77,2025-11-18,On Market,2025-04-24,{'price_paid_per_share': 0.29},5841.86,20000,739900,15973074
https://links.sgx.com/1.0.0/corporate-announcements/7NZST7WV25QJW5OO/82dc9ce0f9c8ef8dd5b7e168b3e873923de662b5f4cef2da6be211a37f679a4b,AGS,2025-11-20,On Market,2025-07-28,{'price_paid_per_share': 2.21921},160166.65,72000,1365100,109000
https://links.sgx.com/1.0.0/corporate-announcements/TNMNR78KXYB83PIO/6d2a90195df271f12117c65e03ba8467c08f7f965697e5b4a63f1dd551ebce4e,C33,2025-11-20,On Market,2025-10-28,{'price_paid_per_share': 0.23},199205.19,864600,6199000,19837600
https://links.sgx.com/1.0.0/corporate-announcements/YVDDIOH23HKK9NDG/40bf5ab1abcec71a1681e042932d3ee715c05996b964f339160f809d9a1b76d2,LVR,2025-11-20,On Market,2025-04-28,"{'highest': 1.19, 'lowest': 1.15}",117182.22,100000,6406900,8006700
https://links.sgx.com/1.0.0/corporate-announcements/VK55LPSZBI7UNG0G/b0f19d0c1cd386079be27789b56ca501a86cee90308eaadc607981faf97ff67d,H30,2025-11-20,On Market,2025-04-30,"{'highest': 0.76, 'lowest': 0.755}",394417.58,519900,1319900,52634900
https://links.sgx.com/1.0.0/corporate-announcements/NB5BON1D36YZAEWQ/44b509187f9b2caa49b549b66b1d8d6d892e1bc9f31049bb8931c1395bbb3f97,HLS,2025-11-20,On Market,2025-05-14,"{'highest': 1.0, 'lowest': 1.0}",101000.0,101000,175000,0
https://links.sgx.com/1.0.0/corporate-announcements/FCY2XMG65JB0L38S/2a33be9801751217502cd867ecd81be6ac9762a3d006792aa8b6ad2a77707a12,AGS,2025-11-21,On Market,2025-07-28,{'price_paid_per_share': 2.22089},289408.42,130000,1495100,239000
https://links.sgx.com/1.0.0/corporate-announcements/UZTWM6JHRTQLEIDM/76856952fdb20044cde0616608be79befb32d879abd729de8c78a84851a6d841,BSL,2025-11-21,On Market,2025-04-25,{'price_paid_per_share': 0.97},301093.32,310000,7534200,39603350
https://links.sgx.com/1.0.0/corporate-announcements/I02WSYI19WTSD1UV/356df8a125e1c8fa5cd940ea9dfac22cecc75b2da63358a0d3ea2a6e57f0d7b4,LVR,2025-11-21,On Market,2025-04-28,"{'highest': 1.18, 'lowest': 1.16}",117282.41,100000,6506900,8106700
https://links.sgx.com/1.0.0/corporate-announcements/T8FOTP6PTB6LC3CX/a3b15449327eddc5ead2bfe5ada79c14c8a4321ff3f7aca3a01f270db0813029,H30,2025-11-21,On Market,2025-04-30,{'price_paid_per_share': 0.75},203215.74,270100,1590000,52905000
https://links.sgx.com/1.0.0/corporate-announcements/YIV2FSO2CDEY9U0M/c4b09bad0e4266c0ea5940fa902fae24b075cd5866e6e626977a357df16cbf9a,C33,2025-11-21,On Market,2025-10-28,{'price_paid_per_share': 0.23494},347706.08,1477400,7676400,21315000
https://links.sgx.com/1.0.0/corporate-announcements/8E9W3MLUDV3Z4U8V/43bdb078aec66f6de4ea0f142807e547cb090fd9cb8a2ea693c7cc76d4466de6,I06,2025-11-21,On Market,2025-04-24,{'price_paid_per_share': 0.37},6077.27,16400,578800,5879134
https://links.sgx.com/1.0.0/corporate-announcements/ARLBDO1X2Q4U3KIB/0c5eae2aa0825d2aa067545780533f9642cb385f6b2974dc733ed0c8eda6037b,B73,2025-11-21,On Market,2025-04-29,{'price_paid_per_share': 0.128},17562.56,137100,18762400,47348039
https://links.sgx.com/1.0.0/corporate-announcements/0BLN09AQ0KRF49DV/d7d449879f390cb273bee03f2060e7af72346ea388929edce4c158975b4bc385,HLS,2025-11-21,On Market,2025-05-14,"{'highest': 1.0, 'lowest': 0.98}",198060.0,200000,375000,0
https://links.sgx.com/1.0.0/corporate-announcements/SYHMG7A0DHFHG9DU/908eb4953502de83079d30b81cae99159cf6dd5b041a06ca16c3974ba4a74577,U77,2025-11-20,On Market,2025-04-24,"{'highest': 0.29, 'lowest': 0.285}",2960.63,10000,754900,15988074
https://links.sgx.com/1.0.0/corporate-announcements/MTNZ1207KNOU8LUW/54ce976595894e94b77d72c285aace3a7b21d1d034b20c9cb3458dd67e33fd39,U77,2025-11-21,On Market,2025-04-24,{'price_paid_per_share': 0.285},1459.42,5000,759900,15993074
https://links.sgx.com/1.0.0/corporate-announcements/ZKRXTZ76O2W60E2E/3c670443c917eb22d882f7ef53cc18801665cc77fc7cec4d2dce933b83e36957,LVR,2025-11-24,On Market,"{'highest': 1.17, 'lowest': 1.16}",116480.89,100000,8206700,"{'mandate_total': 18182098, 'cumulative_purchased': 6606900, 'mandate_remaining': 11575198, 'mandate_start': '2025-04-28', 'mandate_end': '2026-04-28'}"
https://links.sgx.com/1.0.0/corporate-announcements/S3R7H8G5VCOT56UM/10bc63cc7140efdbcc8e604e927f7cc953b4aefbfb92a98a01a8cc55182530c6,B73,2025-11-24,On Market,{'price_paid_per_share': 0.128},11272.98,88000,47436039,"{'mandate_total': 162257621, 'cumulative_purchased': 18850400, 'mandate_remaining': 143407221, 'mandate_start': '2025-04-29', 'mandate_end': '2026-04-29'}"
https://links.sgx.com/1.0.0/corporate-announcements/65M9DSNP58XLS6IB/1a06010eab1be7be7634709583101305899b3bfaf2b0cf26138f83ee3e08021b,BSL,2025-11-24,On Market,{'price_paid_per_share': 0.975},244068.83,250000,39853350,"{'mandate_total': 185073592, 'cumulative_purchased': 7784200, 'mandate_remaining': 177289392, 'mandate_start': '2025-04-25', 'mandate_end': '2026-04-25'}"
https://links.sgx.com/1.0.0/corporate-announcements/JZKZN9YF39OKZO9Z/1ae112e78f9efb3694ff1d99808f28dbfee53593b91bae4309a872ab81de7dc4,H30,2025-11-24,On Market,"{'highest': 0.775, 'lowest': 0.76}",649035.22,841000,53746000,"{'mandate_total': 81929714, 'cumulative_purchased': 2431000, 'mandate_remaining': 79498714, 'mandate_start': '2025-04-30', 'mandate_end': '2026-04-30'}"
https://links.sgx.com/1.0.0/corporate-announcements/R46HL18BZIF3203C/968b9597b021f9710fd75b2b899fd615261a3cfd7272ea437489ba53fade342b,XJB,2025-11-24,On Market,{'price_paid_per_share': 0.14082},3028.41,21300,4754700,"{'mandate_total': 106967380, 'cumulative_purchased': 636500, 'mandate_remaining': 106330880, 'mandate_start': '2025-04-28', 'mandate_end': '2026-04-28'}"
https://links.sgx.com/1.0.0/corporate-announcements/9I2B3254AIKBTRLZ/c23116fb765eb531db75d11b88e7edf404c8586a4afdbd20eaaca57728eac65e,I06,2025-11-24,On Market,{'price_paid_per_share': 0.37},13080.93,35300,5914434,"{'mandate_total': 10809221, 'cumulative_purchased': 614100, 'mandate_remaining': 10195121, 'mandate_start': '2025-04-24', 'mandate_end': '2026-04-24'}"
https://links.sgx.com/1.0.0/corporate-announcements/UO6E7NQQPJUB0K7P/6f4e0b774cc34237e47d6712706f2ef6588b1d1a7cab3e8dd397352fe641324c,XJB,2025-11-25,On Market,{'price_paid_per_share': 0.1524},408.79,2500,4757200,"{'mandate_total': 106967380, 'cumulative_purchased': 639000, 'mandate_remaining': 106328380, 'mandate_start': '2025-04-28', 'mandate_end': '2026-04-28'}"
https://links.sgx.com/1.0.0/corporate-announcements/X2KC7ZONJRGBDVBR/ab3cb61e8294ba830943b3e7d0e02495218a38707ebe49c5c5d5ccfc34af4f7f,AGS,2025-11-25,On Market,{'price_paid_per_share': 2.23},143062.62,64000,303000,"{'mandate_total': 64685158, 'cumulative_purchased': 1559100, 'mandate_remaining': 63126058, 'mandate_start': '2025-07-28', 'mandate_end': '2026-07-28'}"
https://links.sgx.com/1.0.0/corporate-announcements/B1W9A413MPE1SQD2/82a022d4938a0632a3eba4e8192dc695986e3966b61826e2822e3b3ba837bbf8,C33,2025-11-25,On Market,{'price_paid_per_share': 0.23},48661.1,211200,21526200,"{'mandate_total': 89883935, 'cumulative_purchased': 7887600, 'mandate_remaining': 81996335, 'mandate_start': '2025-10-28', 'mandate_end': '2026-10-28'}"
https://links.sgx.com/1.0.0/corporate-announcements/5A8DNV4ZZ8LN95L1/95edb237c34756b97d328c2a603b835e744c12cbbb3dfdf2cf53b8060a5e7a6f,LVR,2025-11-25,On Market,"{'highest': 1.17, 'lowest': 1.16}",116541.0,100000,8306700,"{'mandate_total': 18182098, 'cumulative_purchased': 6706900, 'mandate_remaining': 11475198, 'mandate_start': '2025-04-28', 'mandate_end': '2026-04-28'}"
https://links.sgx.com/1.0.0/corporate-announcements/WTT3ADJY5EEQSKND/1d123bdd648af628c2f0f3bf93514fe3df76f2fd0e0cd06dc745aa54639a9e67,I06,2025-11-25,On Market,{'price_paid_per_share': 0.37},10746.37,29000,5943434,"{'mandate_total': 10809221, 'cumulative_purchased': 643100, 'mandate_remaining': 10166121, 'mandate_start': '2025-04-24', 'mandate_end': '2026-04-24'}"
https://links.sgx.com/1.0.0/corporate-announcements/TEW4APDBZXU08Z66/060dd1cbe76feed64cdcf90504c74197437fc5fe5a7b3686fbaac2c7edd1fcb9,BTJ,2025-11-26,On Market,"{'highest': 0.33, 'lowest': 0.33}",4814.71,14500,0,"{'mandate_total': 10585782, 'cumulative_purchased': 860900, 'mandate_remaining': 9724882, 'mandate_start': '2025-04-25', 'mandate_end': '2026-04-25'}"
https://links.sgx.com/1.0.0/corporate-announcements/079D8VD68L3DZ342/5c415696afb8204696d53784a195ced94cc2ba9c162770ab52f188359b15e84d,BTX,2025-11-26,On Market,{'price_paid_per_share': 0.4},28530.28,71100,3720200,"{'mandate_total': 4685090, 'cumulative_purchased': 71100, 'mandate_remaining': 4613990, 'mandate_start': '2025-04-24', 'mandate_end': '2026-04-24'}"
https://links.sgx.com/1.0.0/corporate-announcements/79SD0MPHIDBQAOLO/8cb1df98f142c86bd302c25ab4d2dfe124a7400d24883bd479435524569bc16a,XJB,2025-11-26,On Market,{'price_paid_per_share': 0.15082},359.57,2200,4759400,"{'mandate_total': 106967380, 'cumulative_purchased': 641200, 'mandate_remaining': 106326180, 'mandate_start': '2025-04-28', 'mandate_end': '2026-04-28'}"
https://links.sgx.com/1.0.0/corporate-announcements/EQ1YCTY80O8GRXT6/92b9d65fc341fa2ba54baf0a38ff5e9af5a70e0f0383660cb141f0991ca579b6,C33,2025-11-26,On Market,{'price_paid_per_share': 0.23},38016.57,165000,21691200,"{'mandate_total': 89883935, 'cumulative_purchased': 8052600, 'mandate_remaining': 81831335, 'mandate_start': '2025-10-28', 'mandate_end': '2026-10-28'}"
https://links.sgx.com/1.0.0/corporate-announcements/F3NBMFRYLEBTBT4L/671a32ea54760150784f6ff8560b2ce533e67685240eb7fa7c53354fbb458ae4,LVR,2025-11-26,On Market,"{'highest': 1.15, 'lowest': 1.1}",113164.61,100000,8406700,"{'mandate_total': 18182098, 'cumulative_purchased': 6806900, 'mandate_remaining': 11375198, 'mandate_start': '2025-04-28', 'mandate_end': '2026-04-28'}"
https://links.sgx.com/1.0.0/corporate-announcements/ZGM8BDWGVTYAOXDO/5c8174f6e78e59bccf24676ec153c9d638b94ae530575989b7e86f0e33006090,I06,2025-11-26,On Market,{'price_paid_per_share': 0.37},815.23,2200,5945634,"{'mandate_total': 10809221, 'cumulative_purchased': 645300, 'mandate_remaining': 10163921, 'mandate_start': '2025-04-24', 'mandate_end': '2026-04-24'}"
https://links.sgx.com/1.0.0/corporate-announcements/1ZGMM60O57GQSYO3/a8afbcacc02d3fce677fc0c1ab7678f795c6968df1fd4eac1d9a784e540d5af0,U77,2025-11-27,On Market,{'price_paid_per_share': 0.28},2836.76,10000,16003074,"{'mandate_total': 17080164, 'cumulative_purchased': 769900, 'mandate_remaining': 16310264, 'mandate_start': '2025-04-24', 'mandate_end': '2026-04-24'}"
https://links.sgx.com/1.0.0/corporate-announcements/F8R8V5WUIX5ONIOA/d62f4ca7f0fda237470867f4f3b90dbf563a713f0e1f6d0420c9151b79c557ce,BTJ,2025-11-27,On Market,"{'highest': 0.345, 'lowest': 0.345}",12107.89,35000,0,"{'mandate_total': 10585782, 'cumulative_purchased': 895900, 'mandate_remaining': 9689882, 'mandate_start': '2025-04-25', 'mandate_end': '2026-04-25'}"
https://links.sgx.com/1.0.0/corporate-announcements/V0MOGV71X3LUX923/f15f8936059ce60e45c063ba8b76a1f81fb39a27b64f497d21ee2f1e5e95e9ea,SET,2025-11-27,On Market,{'price_paid_per_share': 1.52},45694.44,30000,0,"{'mandate_total': 56088681, 'cumulative_purchased': 2542700, 'mandate_remaining': 53545981, 'mandate_start': '2025-04-29', 'mandate_end': '2026-04-29'}"
https://links.sgx.com/1.0.0/corporate-announcements/HYTTD1U3931TET4Z/931a877b466ea62e54415819ac2c4f8ff342240542d6bdbe12fc82a50737ad19,BTX,2025-11-27,On Market,{'price_paid_per_share': 0.40435},39549.13,97500,3817700,"{'mandate_total': 4685090, 'cumulative_purchased': 168600, 'mandate_remaining': 4516490, 'mandate_start': '2025-04-24', 'mandate_end': '2026-04-24'}"
https://links.sgx.com/1.0.0/corporate-announcements/0FHNBGSUV4HM14N5/a16ddcd3551f4814cf42071aeb16877a1d385cc6ccdd1ac7300d26e73d6f3623,LVR,2025-11-27,On Market,"{'highest': 1.13, 'lowest': 1.11}",112383.13,100000,8506700,"{'mandate_total': 18182098, 'cumulative_purchased': 6906900, 'mandate_remaining': 11275198, 'mandate_start': '2025-04-28', 'mandate_end': '2026-04-28'}"
https://links.sgx.com/1.0.0/corporate-announcements/9BB3PFTB02J691HD/d4715ce960747eb24e5df66ea3507b4d27c6a4c9174eed4558b627a89ff121da,BSL,2025-11-27,On Market,{'price_paid_per_share': 0.975},380747.37,390000,40138350,"{'mandate_total': 185073592, 'cumulative_purchased': 8174200, 'mandate_remaining': 176899392, 'mandate_start': '2025-04-25', 'mandate_end': '2026-04-25'}"
https://links.sgx.com/1.0.0/corporate-announcements/J1GBEAI3K0LH7PYD/ad2cd442ded18f54b908bedc41741734b13f73133ededd9a8955e1b3c4818ebb,XJB,2025-11-27,On Market,{'price_paid_per_share': 0.15082},193.6,1100,4760500,"{'mandate_total': 106967380, 'cumulative_purchased': 642300, 'mandate_remaining': 106325080, 'mandate_start': '2025-04-28', 'mandate_end': '2026-04-28'}"
https://links.sgx.com/1.0.0/corporate-announcements/4VDCLHJHVAL8XC4G/1522e696fa41ed1e4190a18eaadb6505ee995f7d65f45d08c2ebf7247df6dd0b,I06,2025-11-27,On Market,"{'highest': 0.375, 'lowest': 0.37}",412.57,1100,5946734,"{'mandate_total': 10809221, 'cumulative_purchased': 646400, 'mandate_remaining': 10162821, 'mandate_start': '2025-04-24', 'mandate_end': '2026-04-24'}"
https://links.sgx.com/1.0.0/corporate-announcements/KW01D4CY6G2COQGA/e8eb5fcbcacd3b1af223e4c3acd0bb46be3cfcb78afd37f8dcd05abe57e23db8,C06,2025-11-27,On Market,{'price_paid_per_share': 0.015},15050.52,1000000,105082000,"{'mandate_total': 349026617, 'cumulative_purchased': 7000000, 'mandate_remaining': 342026617, 'mandate_start': '2025-07-30', 'mandate_end': '2026-07-30'}"
https://links.sgx.com/1.0.0/corporate-announcements/AIQRSHPOCF0U274S/643317d890601675b7f8a715ad9824c82a19c11e1b7e33e57e167876088cc8d3,BTX,2025-11-28,On Market,{'price_paid_per_share': 0.405},,2300,3820000,"{'mandate_total': 4685090, 'cumulative_purchased': 170900, 'mandate_remaining': 4514190, 'mandate_start': '2025-04-24', 'mandate_end': '2026-04-24'}"
https://links.sgx.com/1.0.0/corporate-announcements/JHIUGIUT8E6M7FGW/e402c89859be984e912128c7797307323c1bed25ba420645383b0ff9df6fbf6f,LVR,2025-11-28,On Market,"{'highest': 1.12, 'lowest': 1.09}",110940.39,100000,8606700,"{'mandate_total': 18182098, 'cumulative_purchased': 7006900, 'mandate_remaining': 11175198, 'mandate_start': '2025-04-28', 'mandate_end': '2026-04-28'}"
https://links.sgx.com/1.0.0/corporate-announcements/FCE1LCG6QLN8RDOO/017a6813181c195c9739cfaadae682513686dfb9796f234bcbcd73815dcac463,BSL,2025-11-28,On Market,"{'highest': 0.99, 'lowest': 0.98}",990794.26,1000000,41138350,"{'mandate_total': 185073592, 'cumulative_purchased': 9174200, 'mandate_remaining': 175899392, 'mandate_start': '2025-04-25', 'mandate_end': '2026-04-25'}"
https://links.sgx.com/1.0.0/corporate-announcements/16PX0N5P9EJI82EL/5e7fbc76f1c3e1c695f6f8c161af529af25b2d1c49a67bd0efa9786c510adee3,F99,2025-11-28,On Market,"{'highest': 1.46, 'lowest': 1.46}",20467.12,14000,1431730,"{'mandate_total': 101970158, 'cumulative_purchased': 1324000, 'mandate_remaining': 100646158, 'mandate_start': '2025-01-16', 'mandate_end': '2026-01-16'}"
https://links.sgx.com/1.0.0/corporate-announcements/40Z2BR8R0DVL8KPS/53e1dd4191aaff78cfb0917d1505160625dc70d1a9245caaa31115c85dc2bd42,H30,2025-11-28,On Market,{'price_paid_per_share': 0.785},33389.6,42400,53788400,"{'mandate_total': 81929714, 'cumulative_purchased': 2473400, 'mandate_remaining': 79456314, 'mandate_start': '2025-04-30', 'mandate_end': '2026-04-30'}"
https://links.sgx.com/1.0.0/corporate-announcements/OMA0XGOQWM8WCYUM/f4f50969864e01ab8cf8e27505d71d792eb523df5e44d4509dc970dd4e1c2d28,I06,2025-11-28,On Market,{'price_paid_per_share': 0.375},11267.17,30000,5976734,"{'mandate_total': 10809221, 'cumulative_purchased': 676400, 'mandate_remaining': 10132821, 'mandate_start': '2025-04-24', 'mandate_end': '2026-04-24'}"
https://links.sgx.com/1.0.0/corporate-announcements/GAY5DODEAIMDSHY6/8cf1c892725cb47729edd0aa1ed351787f228d9c97f5fef88ccda02382679a7a,BTX,2025-12-01,On Market,{'price_paid_per_share': 0.41},60913.32,148100,3968100,"{'mandate_total': 4685090, 'cumulative_purchased': 319000, 'mandate_remaining': 4366090, 'mandate_start': '2025-04-24', 'mandate_end': '2026-04-24'}"
https://links.sgx.com/1.0.0/corporate-announcements/O1OY0D7XB1USQYU8/de137417855f63bade130c81f5867b18bca6580dcaf7346c43b0a8b8774acccd,BSL,2025-12-01,On Market,"{'highest': 0.985, 'lowest': 0.98}",982583.53,1000000,42138350,"{'mandate_total': 185073592, 'cumulative_purchased': 10174200, 'mandate_remaining': 174899392, 'mandate_start': '2025-04-25', 'mandate_end': '2026-04-25'}"
https://links.sgx.com/1.0.0/corporate-announcements/1LJ3NTG15M56EDHD/d3483d8063e344a6401163a51d23c13c034f866343823e598b128cc87fad7959,LVR,2025-12-01,On Market,"{'highest': 1.1, 'lowest': 1.07}",54187.77,50000,8656700,"{'mandate_total': 18182098, 'cumulative_purchased': 7056900, 'mandate_remaining': 11125198, 'mandate_start': '2025-04-28', 'mandate_end': '2026-04-28'}"
https://links.sgx.com/1.0.0/corporate-announcements/6QJJS7OI892HHFIM/19df0720bcdfdd17476125811d1f9555bb0c6016914f1432d406121276c6039d,F99,2025-12-01,On Market,"{'highest': 1.48, 'lowest': 1.47}",41641.65,28100,1459830,"{'mandate_total': 101970158, 'cumulative_purchased': 1352100, 'mandate_remaining': 100618058, 'mandate_start': '2025-01-16', 'mandate_end': '2026-01-16'}"
https://links.sgx.com/1.0.0/corporate-announcements/89JNYDFHF07IN6H1/a9f0474fa3f9eac3b2766f0e7485aebf781103a7f4365a1ffbb2522c1a382d86,I06,2025-12-01,On Market,{'price_paid_per_share': 0.375},16149.61,43000,6019734,"{'mandate_total': 10809221, 'cumulative_purchased': 719400, 'mandate_remaining': 10089821, 'mandate_start': '2025-04-24', 'mandate_end': '2026-04-24'}"
https://links.sgx.com/1.0.0/corporate-announcements/IBZ18FG8Z3DT189L/fd36bb90db04aa5985c5ec5f822d674fe8e2f7e4c50d419ba7f9c92477e84a46,BTX,2025-12-02,On Market,{'price_paid_per_share': 0.415},21856.76,52500,4020600,"{'mandate_total': 4685090, 'cumulative_purchased': 371500, 'mandate_remaining': 4313590, 'mandate_start': '2025-04-24', 'mandate_end': '2026-04-24'}"
https://links.sgx.com/1.0.0/corporate-announcements/K98T1HF5UTFU62U2/566085999449d32134de0017d6baf8a8cc6adaf3bac4bde2c17b014bbcd08d16,BSL,2025-12-02,On Market,{'price_paid_per_share': 0.98},294384.55,300000,42438350,"{'mandate_total': 185073592, 'cumulative_purchased': 10474200, 'mandate_remaining': 174599392, 'mandate_start': '2025-04-25', 'mandate_end': '2026-04-25'}"
https://links.sgx.com/1.0.0/corporate-announcements/67RQUF3CN5SPI2JB/356ed13b6ed2fa01e5239dea834c9694ab2ec57e83ce9db883f180c50afd7b5d,BTJ,2025-12-02,On Market,"{'highest': 0.355, 'lowest': 0.355}",8906.5,25000,0,"{'mandate_total': 10585782, 'cumulative_purchased': 920900, 'mandate_remaining': 9664882, 'mandate_start': '2025-04-25', 'mandate_end': '2026-04-25'}"
https://links.sgx.com/1.0.0/corporate-announcements/3A0ZGW100M1ZC3HU/e2d775690d770e818b4b11a1d8b5a92f0cebea75d4514a89802048863b250ad7,F99,2025-12-02,On Market,"{'highest': 1.48, 'lowest': 1.47}",93181.92,63000,1522830,"{'mandate_total': 101970158, 'cumulative_purchased': 1415100, 'mandate_remaining': 100555058, 'mandate_start': '2025-01-16', 'mandate_end': '2026-01-16'}"
https://links.sgx.com/1.0.0/corporate-announcements/8QE5POICCDTP5SBF/8db49d3e07547e6a7aa06796f11ce39eed671699d0ce4421e3eb481650465dde,BWM,2025-12-02,On Market,"{'highest': 0.455, 'lowest': 0.445}",34419.8,76200,17778500,"{'mandate_total': 145402470, 'cumulative_purchased': 3256200, 'mandate_remaining': 142146270, 'mandate_start': '2024-04-25', 'mandate_end': '2025-04-25'}"
https://links.sgx.com/1.0.0/corporate-announcements/2RPGI70S1X2C9289/9fab47e88732c75a7a46ad83a1c51b6b2253b54c5671b5727977d934fe3767d9,XJB,2025-12-02,On Market,{'price_paid_per_share': 0.152},6049.46,39600,4800100,"{'mandate_total': 106967380, 'cumulative_purchased': 681900, 'mandate_remaining': 106285480, 'mandate_start': '2025-04-28', 'mandate_end': '2026-04-28'}"
https://links.sgx.com/1.0.0/corporate-announcements/LDTFULQW2N5SWYZB/99a23b5bfddb7301c44616c8c3492d258200696bdff99a2430a9b05afd5e1e8b,CTO,2025-12-02,On Market,"{'highest': 0.057, 'lowest': 0.056}",125598.15,2200000,0,"{'mandate_total': 51784411, 'cumulative_purchased': 2200000, 'mandate_remaining': 49584411, 'mandate_start': '2025-11-24', 'mandate_end': '2026-11-24'}"
https://links.sgx.com/1.0.0/corporate-announcements/VIDFVVM1O9H8O7U4/b924adaec4a75ab997a831472151e87418d6db54ef17ba4e1b9d8bb391628e6d,H30,2025-12-02,On Market,{'price_paid_per_share': 0.785},157496.67,200000,53988400,"{'mandate_total': 81929714, 'cumulative_purchased': 2673400, 'mandate_remaining': 79256314, 'mandate_start': '2025-04-30', 'mandate_end': '2026-04-30'}"
https://links.sgx.com/1.0.0/corporate-announcements/M51SLCLP4BVZWRUH/9e3bc3eae1c8aab1350c7b225d2ba408fabc188f36063d697f6d04416af6fbdf,LVR,2025-12-02,On Market,"{'highest': 1.09, 'lowest': 1.08}",54267.91,50000,8706700,"{'mandate_total': 18182098, 'cumulative_purchased': 7106900, 'mandate_remaining': 11075198, 'mandate_start': '2025-04-28', 'mandate_end': '2026-04-28'}"
https://links.sgx.com/1.0.0/corporate-announcements/B76YUG5PCJJGUR7S/366ea194cc6ea7accebda7f41c0bbbc1742aec8d249e24663b613d25c4789a18,AWX,2025-12-02,On Market,{'price_paid_per_share': 1.67},418592.57,250000,1867383,"{'mandate_total': 31317977, 'cumulative_purchased': 450000, 'mandate_remaining': 30867977, 'mandate_start': '2025-04-23', 'mandate_end': '2026-04-23'}"
https://links.sgx.com/1.0.0/corporate-announcements/03ISMB4NDZ4Y11EA/fe5e5c528bdefceee4815e2ec5a9119bf2d2066e44753127281e177a84d78961,U77,2025-12-03,On Market,"{'highest': 0.27, 'lowest': 0.265}",8149.22,30000,16033074,"{'mandate_total': 17080164, 'cumulative_purchased': 799900, 'mandate_remaining': 16280264, 'mandate_start': '2025-04-24', 'mandate_end': '2026-04-24'}"
https://links.sgx.com/1.0.0/corporate-announcements/M835IR4641G3FXG8/dc28d962e04d388a2806dfc5fbe9c6b4c417e180ddce5fb08b7f06bd0a7f3092,BTX,2025-12-03,On Market,{'price_paid_per_share': 0.415},24979.09,60000,4080600,"{'mandate_total': 4685090, 'cumulative_purchased': 431500, 'mandate_remaining': 4253590, 'mandate_start': '2025-04-24', 'mandate_end': '2026-04-24'}"
https://links.sgx.com/1.0.0/corporate-announcements/GUT3FT4IZVD2HC5J/a8d551270acbaa9b3324af2b9bd2df42ad51ffd7a4b06959236b4e056b9479fa,5AB,2025-12-03,On Market,"{'highest': 0.097, 'lowest': 0.092}",2786.29,29100,20133200,"{'mandate_total': 30667102, 'cumulative_purchased': 2687300, 'mandate_remaining': 27979802, 'mandate_start': '2025-04-30', 'mandate_end': '2026-04-30'}"
https://links.sgx.com/1.0.0/corporate-announcements/8TCG8K1UYDH2I6Q7/78b94b8f353f95db32ad2f8eb6a8ffbf53c6bc2349c15336e9b49a8e11bae881,F99,2025-12-03,On Market,"{'highest': 1.48, 'lowest': 1.47}",55467.84,37500,1560330,"{'mandate_total': 101970158, 'cumulative_purchased': 1452600, 'mandate_remaining': 100517558, 'mandate_start': '2025-01-16', 'mandate_end': '2026-01-16'}"
https://links.sgx.com/1.0.0/corporate-announcements/PE5ZQQXFN13EQDPH/1ea6bc9934e4215da91d9f7229cacbec602107f4c888a8fdcfa3218421a71fe8,I06,2025-12-03,On Market,{'price_paid_per_share': 0.375},1276.96,3400,6023134,"{'mandate_total': 10809221, 'cumulative_purchased': 722800, 'mandate_remaining': 10086421, 'mandate_start': '2025-04-24', 'mandate_end': '2026-04-24'}"
https://links.sgx.com/1.0.0/corporate-announcements/2DZN8HKOTJQ93URF/f6f16ec7adad51ad05fa9088c999e02bdb139838ad17fa52b5f6397b1bff9b29,LVR,2025-12-03,On Market,"{'highest': 1.1, 'lowest': 1.08}",54498.35,50000,8756700,"{'mandate_total': 18182098, 'cumulative_purchased': 7156900, 'mandate_remaining': 11025198, 'mandate_start': '2025-04-28', 'mandate_end': '2026-04-28'}"
https://links.sgx.com/1.0.0/corporate-announcements/AB9R1Y5LFP25FGLF/aa3e59f4d63180e290090c54f672ceffeba2b50451a0107e7a5dc3724c9350a6,BWM,2025-12-03,On Market,{'price_paid_per_share': 0.455},61859.79,135600,17914100,"{'mandate_total': 145402470, 'cumulative_purchased': 3391800, 'mandate_remaining': 142010670, 'mandate_start': '2024-04-25', 'mandate_end': '2025-04-25'}"
https://links.sgx.com/1.0.0/corporate-announcements/4Y10SCF909HYWP54/e0db2d170c3e4a0eb5c8044c63f25f7baae8eb8e5e1242e0039e4b1bf4b7e49e,BSL,2025-12-03,On Market,"{'highest': 0.99, 'lowest': 0.98}",473315.69,482000,42920350,"{'mandate_total': 185073592, 'cumulative_purchased': 10956200, 'mandate_remaining': 174117392, 'mandate_start': '2025-04-25', 'mandate_end': '2026-04-25'}"
https://links.sgx.com/1.0.0/corporate-announcements/BRNAUZCA2H4QOCZX/babb0bef653ec514a381202a0d5f141472eb9be74a9b41355b8a922ee7620444,U77,2025-12-04,On Market,"{'highest': 0.275, 'lowest': 0.27}",2781.63,10000,16043074,"{'mandate_total': 17080164, 'cumulative_purchased': 809900, 'mandate_remaining': 16270264, 'mandate_start': '2025-04-24', 'mandate_end': '2026-04-24'}"
https://links.sgx.com/1.0.0/corporate-announcements/N2D7F9RHX7CFFHTT/b8430e6361125dd405fe7b1a12975a2a19ebe219552d669ddd3915e8f3075d8c,BTX,2025-12-04,On Market,{'price_paid_per_share': 0.415},28517.74,68500,4149100,"{'mandate_total': 4685090, 'cumulative_purchased': 500000, 'mandate_remaining': 4185090, 'mandate_start': '2025-04-24', 'mandate_end': '2026-04-24'}"
https://links.sgx.com/1.0.0/corporate-announcements/LB5N0A8XSQNI85J7/cbeadf6f1f35680be72a9ec38b49f9c3b35e2453b0a3e81e38ad4ace82aa7df7,BTJ,2025-12-04,On Market,"{'highest': 0.36, 'lowest': 0.36}",9031.55,25000,0,"{'mandate_total': 10585782, 'cumulative_purchased': 945900, 'mandate_remaining': 9639882, 'mandate_start': '2025-04-25', 'mandate_end': '2026-04-25'}"
https://links.sgx.com/1.0.0/corporate-announcements/F31HNJRENOA5LYJ8/fc08dc7389ca5c098a3436d2da94447d093ee529f3f5fdc24bd5f43b980c571e,LVR,2025-12-04,On Market,"{'highest': 1.1, 'lowest': 1.09}",54753.84,50000,8806700,"{'mandate_total': 18182098, 'cumulative_purchased': 7206900, 'mandate_remaining': 10975198, 'mandate_start': '2025-04-28', 'mandate_end': '2026-04-28'}"
https://links.sgx.com/1.0.0/corporate-announcements/W6MZFW5NZ1O2OCHZ/2c60352c4a43d88dabceea9534c5ca7887d9cbde7c2fe6a8750ec309892431ae,BSL,2025-12-04,On Market,"{'highest': 0.99, 'lowest': 0.985}",148093.46,150000,43070350,"{'mandate_total': 185073592, 'cumulative_purchased': 11106200, 'mandate_remaining': 173967392, 'mandate_start': '2025-04-25', 'mandate_end': '2026-04-25'}"
https://links.sgx.com/1.0.0/corporate-announcements/SNV18M88QLT6A23Z/c1ce5341bd7586fb1bcc0c70e357439e0baa11958e4153d74e68bfdf742923ca,F99,2025-12-04,On Market,"{'highest': 1.48, 'lowest': 1.48}",7261.87,4900,1565230,"{'mandate_total': 101970158, 'cumulative_purchased': 1457500, 'mandate_remaining': 100512658, 'mandate_start': '2025-01-16', 'mandate_end': '2026-01-16'}"
https://links.sgx.com/1.0.0/corporate-announcements/KF8UUEXYUPLO5BTG/5a2afbd98adf2a1935040250c2be701cdfaf550d35dbd9ded7b9f25c0da132aa,BWM,2025-12-04,On Market,{'price_paid_per_share': 0.45},40516.08,89800,18003900,"{'mandate_total': 145402470, 'cumulative_purchased': 3481600, 'mandate_remaining': 141920870, 'mandate_start': '2024-04-25', 'mandate_end': '2025-04-25'}"
https://links.sgx.com/1.0.0/corporate-announcements/LESJ17M09WDNQ5C1/379ea89b9576a954bd21c4228574d6ce4698c9ab0fa23864ef9bbe9fc6e70806,AGS,2025-12-04,On Market,{'price_paid_per_share': 2.22994},112435.34,50300,353300,"{'mandate_total': 64685158, 'cumulative_purchased': 1609400, 'mandate_remaining': 63075758, 'mandate_start': '2025-07-28', 'mandate_end': '2026-07-28'}"
https://links.sgx.com/1.0.0/corporate-announcements/C4ZYI0QBYENCR7SI/361bc69c3d665310a88a51a6d3b06d663d3d2de66ca02cc99a7a7ee6f5b20b39,BTJ,2025-12-05,On Market,"{'highest': 0.365, 'lowest': 0.355}",41465.49,114000,0,"{'mandate_total': 10585782, 'cumulative_purchased': 1059900, 'mandate_remaining': 9525882, 'mandate_start': '2025-04-25', 'mandate_end': '2026-04-25'}"
https://links.sgx.com/1.0.0/corporate-announcements/ZXR9BLVW2QFW3YQE/7d27854d716fa2c4b1cae15530c582e407215b5bb59cdd00a798ef17f4066325,F99,2025-12-05,On Market,"{'highest': 1.48, 'lowest': 1.48}",17783.61,12000,1577230,"{'mandate_total': 101970158, 'cumulative_purchased': 1469500, 'mandate_remaining': 100500658, 'mandate_start': '2025-01-16', 'mandate_end': '2026-01-16'}"
https://links.sgx.com/1.0.0/corporate-announcements/G9KR2GU2ZPNUG1YF/b301084976b3cc4ac2ffe1a801a62c9cae3b6dfac6278c69baeeeac2149e4395,XJB,2025-12-05,On Market,{'price_paid_per_share': 0.152},179.69,1000,4801100,"{'mandate_total': 106967380, 'cumulative_purchased': 682900, 'mandate_remaining': 106284480, 'mandate_start': '2025-04-28', 'mandate_end': '2026-04-28'}"
https://links.sgx.com/1.0.0/corporate-announcements/CDBZNVMTNVMQU9XJ/5b330abdaf69e75a5b12d3dccdebebe522c2d4cd4782caaaa935bcee7da6aaec,BSL,2025-12-05,On Market,{'price_paid_per_share': 0.98},539705.03,550000,43620350,"{'mandate_total': 185073592, 'cumulative_purchased': 11656200, 'mandate_remaining': 173417392, 'mandate_start': '2025-04-25', 'mandate_end': '2026-04-25'}"
https://links.sgx.com/1.0.0/corporate-announcements/AONHRH71GXJZKE5X/97bb287d36317def0f1338d3e2532f25a4d14896a691ca035b73a5e797b1f8d3,5AB,2025-12-05,On Market,{'price_paid_per_share': 0.098},221.43,2000,20135200,"{'mandate_total': 30667102, 'cumulative_purchased': 2689300, 'mandate_remaining': 27977802, 'mandate_start': '2025-04-30', 'mandate_end': '2026-04-30'}"
https://links.sgx.com/1.0.0/corporate-announcements/YU0XB9BNXGY2CC2E/5256e0b876faf92726491e020871ca4b499ddb0562c9b63f5dd896fd5db8bb8f,GEH,2025-12-05,On Market,{'price_paid_per_share': 0.16093},48431.61,300000,4466900,"{'mandate_total': 40000000, 'cumulative_purchased': 4466900, 'mandate_remaining': 35533100, 'mandate_start': '2025-04-29', 'mandate_end': '2026-04-29'}"
https://links.sgx.com/1.0.0/corporate-announcements/LQXO040LMKFRDBUX/91a47106a93a54187227d38e6d500c4547a8da74408988b43f621edcb2f61e2f,AGS,2025-12-05,On Market,{'price_paid_per_share': 2.2247},464516.63,208300,561600,"{'mandate_total': 64685158, 'cumulative_purchased': 1817700, 'mandate_remaining': 62867458, 'mandate_start': '2025-07-28', 'mandate_end': '2026-07-28'}"
https://links.sgx.com/1.0.0/corporate-announcements/YZKCT0EV7458TPZI/686b901ba172f11cf40de45af35faa7ed2abf61694e63732966efb74491c365a,LVR,2025-12-05,On Market,"{'highest': 1.09, 'lowest': 1.08}",54142.67,50000,8856700,"{'mandate_total': 18182098, 'cumulative_purchased': 7256900, 'mandate_remaining': 10925198, 'mandate_start': '2025-04-28', 'mandate_end': '2026-04-28'}"
https://links.sgx.com/1.0.0/corporate-announcements/L1H3I2FEHAQ0OJ9B/d87ccde7e2b427843911e04ace62dc0ac0090620494887f95650813a43c74253,BWM,2025-12-05,On Market,"{'highest': 0.46, 'lowest': 0.455}",22436.07,48700,18052600,"{'mandate_total': 145402470, 'cumulative_purchased': 3530300, 'mandate_remaining': 141872170, 'mandate_start': '2024-04-25', 'mandate_end': '2025-04-25'}"
https://links.sgx.com/1.0.0/corporate-announcements/L3GFMJ788EV2JS3Q/be9e56143d6a2e505903e8a6f88484850e7928932efb5e31ababdcc24b42045d,U77,2025-12-08,On Market,{'price_paid_per_share': 0.27},1384.31,5000,16048074,"{'mandate_total': 17080164, 'cumulative_purchased': 814900, 'mandate_remaining': 16265264, 'mandate_start': '2025-04-24', 'mandate_end': '2026-04-24'}"
https://links.sgx.com/1.0.0/corporate-announcements/02ZTJP593XWF3J2N/5417ba8ccfdf34608293a633c8251a6f7bd81876ef1ea96362e42556e8f17483,C33,2025-12-08,On Market,{'price_paid_per_share': 0.22204},558737.6,2512000,24203200,"{'mandate_total': 89883935, 'cumulative_purchased': 10564600, 'mandate_remaining': 79319335, 'mandate_start': '2025-10-28', 'mandate_end': '2026-10-28'}"
https://links.sgx.com/1.0.0/corporate-announcements/5QT38YY0FYDEPEM5/0b2fe05ca9ac3b0d37d7060785b3ff2cf99e38baee7ad9dd9bf7cca5b64f35f3,GEH,2025-12-08,On Market,{'price_paid_per_share': 0.16391},49328.43,300000,4766900,"{'mandate_total': 40000000, 'cumulative_purchased': 4766900, 'mandate_remaining': 35233100, 'mandate_start': '2025-04-29', 'mandate_end': '2026-04-29'}"
https://links.sgx.com/1.0.0/corporate-announcements/ADZLXHRUJPKNYXEX/48f214a2c2972bc74438908239da39a384f5939ecd833abacc5be028861f481f,I06,2025-12-08,On Market,{'price_paid_per_share': 0.375},4131.3,11000,6034134,"{'mandate_total': 10809221, 'cumulative_purchased': 733800, 'mandate_remaining': 10075421, 'mandate_start': '2025-04-24', 'mandate_end': '2026-04-24'}"
https://links.sgx.com/1.0.0/corporate-announcements/Y58ZX48F8BHYGBDP/413ee9410f5aa0ceac08fd2524b76e637f8bce5428158063bcd3a539d2d926ce,XJB,2025-12-08,On Market,{'price_paid_per_share': 0.152},179.69,1000,4802100,"{'mandate_total': 106967380, 'cumulative_purchased': 683900, 'mandate_remaining': 106283480, 'mandate_start': '2025-04-28', 'mandate_end': '2026-04-28'}"
https://links.sgx.com/1.0.0/corporate-announcements/M8O21TDK3HEPVL0K/ac8647b457cb1a70daaa6f74535f34daf795023dc7805d634b6b3a0d904dc31f,F03,2025-12-08,On Market,{'price_paid_per_share': 2.44},366558.9,150000,2312874,"{'mandate_total': 52692479, 'cumulative_purchased': 1134500, 'mandate_remaining': 51557979, 'mandate_start': '2025-04-17', 'mandate_end': '2026-04-17'}"
https://links.sgx.com/1.0.0/corporate-announcements/DFL0WUGESPEL9C3A/a2058c3cc2817371272cb76ec4a7f3b0b2d11a9cdd6a75f0d0c7676686681e92,SET,2025-12-08,On Market,{'price_paid_per_share': 1.55},19570.45,12600,0,"{'mandate_total': 56088681, 'cumulative_purchased': 2555300, 'mandate_remaining': 53533381, 'mandate_start': '2025-04-29', 'mandate_end': '2026-04-29'}"
https://links.sgx.com/1.0.0/corporate-announcements/ASXZOBTR5AVWVXDR/8db19233d808bb56ccd3bfd1cb64057af51c53b117f1f08e31c520bb405c3786,AGS,2025-12-08,On Market,{'price_paid_per_share': 2.2277},188692.42,84500,646100,"{'mandate_total': 64685158, 'cumulative_purchased': 1902200, 'mandate_remaining': 62782958, 'mandate_start': '2025-07-28', 'mandate_end': '2026-07-28'}"
https://links.sgx.com/1.0.0/corporate-announcements/9DJF44ANJV2RH02B/c2d24c9f6f7151a32862477ac5c2bedd5a44c183c637f19dd37e4cca809eb2da,H30,2025-12-08,On Market,{'price_paid_per_share': 0.8},60190.05,75000,54063400,"{'mandate_total': 81929714, 'cumulative_purchased': 2748400, 'mandate_remaining': 79181314, 'mandate_start': '2025-04-30', 'mandate_end': '2026-04-30'}"
https://links.sgx.com/1.0.0/corporate-announcements/KQS9HYHPVH8BYA6S/f8574775160c94ab76e785e30803afdc60c269a0eb5446ded135ca2d56301536,LVR,2025-12-08,On Market,"{'highest': 1.1, 'lowest': 1.08}",54929.17,50000,8906700,"{'mandate_total': 18182098, 'cumulative_purchased': 7306900, 'mandate_remaining': 10875198, 'mandate_start': '2025-04-28', 'mandate_end': '2026-04-28'}"
https://links.sgx.com/1.0.0/corporate-announcements/ZNVTSBF6F2I581ZK/3062d780d44011fed47fac3e2ff3f3b911affa5d20d0f1fa07248b8aad27b811,BWM,2025-12-08,On Market,{'price_paid_per_share': 0.46},32376.85,70200,18122800,"{'mandate_total': 145402470, 'cumulative_purchased': 3600500, 'mandate_remaining': 141801970, 'mandate_start': '2024-04-25', 'mandate_end': '2025-04-25'}"
https://links.sgx.com/1.0.0/corporate-announcements/8YFAG8AEYBT27YE1/0dbc6bb7d6aa18ed67f686330aa793a22514b95b15d2be5e8c75c9e22557e76f,GEH,2025-12-09,On Market,{'price_paid_per_share': 0.16598},11738.57,70500,4837400,"{'mandate_total': 40000000, 'cumulative_purchased': 4837400, 'mandate_remaining': 35162600, 'mandate_start': '2025-04-29', 'mandate_end': '2026-04-29'}"
https://links.sgx.com/1.0.0/corporate-announcements/0HF34RFGBMMTLRF3/8f3a09dec1e97c86af5b35ca1041f988352755e5f60b82dddb058f2eec7a7342,BWM,2025-12-09,On Market,{'price_paid_per_share': 0.46},68350.71,148200,18271000,"{'mandate_total': 145402470, 'cumulative_purchased': 3748700, 'mandate_remaining': 141653770, 'mandate_start': '2024-04-25', 'mandate_end': '2025-04-25'}"
https://links.sgx.com/1.0.0/corporate-announcements/3P74WVSMZ7Z5IOMG/b13adaafe33ca53aea82ac511fe6fb0fa74c4010a461440032c1788ef00ed2c5,SET,2025-12-09,On Market,"{'highest': 1.56, 'lowest': 1.55}",263789.75,169300,0,"{'mandate_total': 56088681, 'cumulative_purchased': 2724600, 'mandate_remaining': 53364081, 'mandate_start': '2025-04-29', 'mandate_end': '2026-04-29'}"
https://links.sgx.com/1.0.0/corporate-announcements/5SBSFHRLR3TIS98C/b14a9a3364b2634ee06fc19cb394c3cdbe48a6b90be90ea1f35e4369fe6a5511,BSL,2025-12-09,On Market,{'price_paid_per_share': 0.98},98128.19,100000,43720350,"{'mandate_total': 185073592, 'cumulative_purchased': 11756200, 'mandate_remaining': 173317392, 'mandate_start': '2025-04-25', 'mandate_end': '2026-04-25'}"
https://links.sgx.com/1.0.0/corporate-announcements/LQCVHWNGUVGWVNRQ/56353dbf5ed3db295e12bbbb74debc89c10b2660f156f10089989cf4588e63af,XJB,2025-12-09,On Market,{'price_paid_per_share': 0.152},255.73,1500,4803600,"{'mandate_total': 106967380, 'cumulative_purchased': 685400, 'mandate_remaining': 106281980, 'mandate_start': '2025-04-28', 'mandate_end': '2026-04-28'}"
https://links.sgx.com/1.0.0/corporate-announcements/QXOV9Q8CTDTV5JM4/6157445ba670420d4042c9aaf8a204b2671c2581fc732a142a2e8c6f1b589bc9,AGS,2025-12-09,On Market,{'price_paid_per_share': 2.23},46048.53,20600,666700,"{'mandate_total': 64685158, 'cumulative_purchased': 1922800, 'mandate_remaining': 62762358, 'mandate_start': '2025-07-28', 'mandate_end': '2026-07-28'}"
https://links.sgx.com/1.0.0/corporate-announcements/ER533CNJ8DHU3LUF/591e3420fcb7f80506b1225654b40109e74ebcd245179cc234e7359caa578cdf,AWX,2025-12-09,On Market,{'price_paid_per_share': 1.67},418592.57,250000,2117383,"{'mandate_total': 31317977, 'cumulative_purchased': 700000, 'mandate_remaining': 30617977, 'mandate_start': '2025-04-23', 'mandate_end': '2026-04-23'}"
https://links.sgx.com/1.0.0/corporate-announcements/4YDF0GPOGYSX1842/8b641ba0aa1f6b4a6585f831dfa5e0269c36c514257631d5fc82e7a221a39914,H30,2025-12-09,On Market,"{'highest': 0.83, 'lowest': 0.81}",367086.33,445500,54508900,"{'mandate_total': 81929714, 'cumulative_purchased': 3193900, 'mandate_remaining': 78735814, 'mandate_start': '2025-04-30', 'mandate_end': '2026-04-30'}"
https://links.sgx.com/1.0.0/corporate-announcements/PSJCPC6QLICO6GK9/a64334a8aa739e577cd3de400d53531c5ed2762bccc504f35c28ea6db28136a6,LVR,2025-12-09,On Market,"{'highest': 1.1, 'lowest': 1.1}",55104.51,50000,8956700,"{'mandate_total': 18182098, 'cumulative_purchased': 7356900, 'mandate_remaining': 10825198, 'mandate_start': '2025-04-28', 'mandate_end': '2026-04-28'}"
https://links.sgx.com/1.0.0/corporate-announcements/L0QVPB4HIWO7Z76B/0a92587e8ef6563b45eecf94baa999af232895ba534a36c44af22d2d5b2b5892,F03,2025-12-09,On Market,{'price_paid_per_share': 2.42988},243359.19,100000,1952874,"{'mandate_total': 52692479, 'cumulative_purchased': 1234500, 'mandate_remaining': 51457979, 'mandate_start': '2025-04-17', 'mandate_end': '2026-04-17'}"
https://links.sgx.com/1.0.0/corporate-announcements/BL8TH6EYGS252PK7/f6910fae6361c650d66962a3584078be08015bf369df674d0fc529f697f1901c,C33,2025-12-09,On Market,{'price_paid_per_share': 0.22999},253038.93,1098300,25301500,"{'mandate_total': 89883935, 'cumulative_purchased': 11662900, 'mandate_remaining': 78221035, 'mandate_start': '2025-10-28', 'mandate_end': '2026-10-28'}"
https://links.sgx.com/1.0.0/corporate-announcements/403XVP5E66DQJCEN/c41841fd480ccce01c9b4fa38e2f6df881370764832181d70c81b583de4570d5,AGS,2025-12-10,On Market,{'price_paid_per_share': 2.22408},22963.32,10300,677000,"{'mandate_total': 64685158, 'cumulative_purchased': 1933100, 'mandate_remaining': 62752058, 'mandate_start': '2025-07-28', 'mandate_end': '2026-07-28'}"
https://links.sgx.com/1.0.0/corporate-announcements/M8ZMWG5KESKAT0BA/c140651067f93036024193448e2af5ca0584a3c7490d2313c2b143fa6448bade,BSL,2025-12-10,On Market,{'price_paid_per_share': 0.98},147192.28,150000,43870350,"{'mandate_total': 185073592, 'cumulative_purchased': 11906200, 'mandate_remaining': 173167392, 'mandate_start': '2025-04-25', 'mandate_end': '2026-04-25'}"
https://links.sgx.com/1.0.0/corporate-announcements/2KCTEENKHSHR3TR7/2cf12a2aecba6f675b8da297c92c930cbfe332b6a222ab7f6c345e6e740d92a5,F99,2025-12-10,On Market,{},15412.51,10400,1587630,"{'mandate_total': 101970158, 'cumulative_purchased': 1479900, 'mandate_remaining': 100490258, 'mandate_start': '2025-01-16', 'mandate_end': '2026-01-16'}"
https://links.sgx.com/1.0.0/corporate-announcements/6HLCPO20FZFA9LJT/5e4bb422d69f0287e8ae7825bb1a641cb59d612170ffe90b85db85ea8824ed0e,SET,2025-12-10,On Market,"{'highest': 1.57, 'lowest': 1.56}",361391.01,229900,0,"{'mandate_total': 56088681, 'cumulative_purchased': 2954500, 'mandate_remaining': 53134181, 'mandate_start': '2025-04-29', 'mandate_end': '2026-04-29'}"
https://links.sgx.com/1.0.0/corporate-announcements/X9GQC742KRFN8L56/628701758ebb9828969b67abe81e2a19546c1592ef02a317ca5302e77d878258,LVR,2025-12-10,On Market,{'price_paid_per_share': 1.11},55104.51,50000,9006700,"{'mandate_total': 18182098, 'cumulative_purchased': 7406900, 'mandate_remaining': 10775198, 'mandate_start': '2025-04-28', 'mandate_end': '2026-04-28'}"
https://links.sgx.com/1.0.0/corporate-announcements/IR914EM1TZ9A3U9G/fa71755ba2203df47730a204a930f04de4a104d014461f980f6cf7b032bd48f8,BWM,2025-12-10,On Market,{'price_paid_per_share': 0.46},23060.55,50000,18321000,"{'mandate_total': 145402470, 'cumulative_purchased': 3798700, 'mandate_remaining': 141603770, 'mandate_start': '2024-04-25', 'mandate_end': '2025-04-25'}"
https://links.sgx.com/1.0.0/corporate-announcements/KRCZOSRS7YIM9UJC/df9eb92ec07b2b12471a77419a66c0b02e1eb94f25794be5d6c06b43e9254a24,H30,2025-12-10,On Market,"{'highest': 0.84, 'lowest': 0.83}",473364.79,563000,55071900,"{'mandate_total': 81929714, 'cumulative_purchased': 3756900, 'mandate_remaining': 78172814, 'mandate_start': '2025-04-30', 'mandate_end': '2026-04-30'}"
https://links.sgx.com/1.0.0/corporate-announcements/9YAF2E3YAM0KL9JI/12118e864c50bef860a18f767e2d4356dcded7808c15b950113fe9c84ff5387f,F03,2025-12-10,On Market,{'price_paid_per_share': 2.416},362953.41,150000,2102874,"{'mandate_total': 52692479, 'cumulative_purchased': 1384500, 'mandate_remaining': 51307979, 'mandate_start': '2025-04-17', 'mandate_end': '2026-04-17'}"
https://links.sgx.com/1.0.0/corporate-announcements/RNVQNOGL1ZH2WOKR/f5317d7a822f354cf8a2985ae5f7332d0fe993c382dc0ab5461c49291a3306b7,BWM,2025-12-11,On Market,"{'highest': 0.46, 'lowest': 0.455}",45890.12,99500,18420500,"{'mandate_total': 145402470, 'cumulative_purchased': 3898200, 'mandate_remaining': 141504270, 'mandate_start': '2024-04-25', 'mandate_end': '2025-04-25'}"
https://links.sgx.com/1.0.0/corporate-announcements/VRWWAIYKBAXG01HL/0dfbf984f1d69101e067c8e03ee384fc5b77a2c49a4d78aaa98951a0c7bb9af9,BTJ,2025-12-11,On Market,"{'highest': 0.38, 'lowest': 0.36}",26143.0,69000,0,"{'mandate_total': 10585782, 'cumulative_purchased': 1128900, 'mandate_remaining': 9456882, 'mandate_start': '2025-04-25', 'mandate_end': '2026-04-25'}"
https://links.sgx.com/1.0.0/corporate-announcements/CFEY8DGBIUJ3Y6C4/92d6bc8e72ac10e09fc8969267187af54be2e4bffe2e0e26bb186fce367226a0,AGS,2025-12-11,On Market,{'price_paid_per_share': 2.23},40683.7,18200,695200,"{'mandate_total': 64685158, 'cumulative_purchased': 1951300, 'mandate_remaining': 62733858, 'mandate_start': '2025-07-28', 'mandate_end': '2026-07-28'}"
https://links.sgx.com/1.0.0/corporate-announcements/WO26V31B31ZOWI71/51700e4ca2b6fa9563fc436b039117b5e2eddfa0efe9c8e06d7af5583518d91a,SET,2025-12-11,On Market,"{'highest': 1.58, 'lowest': 1.57}",247803.26,157100,0,"{'mandate_total': 56088681, 'cumulative_purchased': 3111600, 'mandate_remaining': 52977081, 'mandate_start': '2025-04-29', 'mandate_end': '2026-04-29'}"
https://links.sgx.com/1.0.0/corporate-announcements/WSF2I4PU10J85AVQ/4157448b8712f64063d9cd6c8de347cb804a22a2bfba59426afcd668a2bf4262,BSL,2025-12-11,On Market,"{'highest': 1.0, 'lowest': 0.995}",409345.72,410000,44280350,"{'mandate_total': 185073592, 'cumulative_purchased': 12316200, 'mandate_remaining': 172757392, 'mandate_start': '2025-04-25', 'mandate_end': '2026-04-25'}"
https://links.sgx.com/1.0.0/corporate-announcements/R5KMIR3BM3AF1COY/7a83b0ebae72f0a9148c7a0d0d344cf52e7af6950889ce4c184d7c7f829e18d9,F99,2025-12-11,On Market,"{'highest': 1.48, 'lowest': 1.48}",14819.74,10000,1597630,"{'mandate_total': 101970158, 'cumulative_purchased': 1489900, 'mandate_remaining': 100480258, 'mandate_start': '2025-01-16', 'mandate_end': '2026-01-16'}"
https://links.sgx.com/1.0.0/corporate-announcements/U8Y8BO9EOPZ0JD8T/52127f0b31ea91b82fdfff0bf496fac8dc317d74dbba5cc49edd5f4fe6286040,HLS,2025-12-11,On Market,"{'highest': 0.93, 'lowest': 0.93}",93000.0,100000,0,"{'mandate_total': 126547752, 'cumulative_purchased': 475000, 'mandate_remaining': 126072752, 'mandate_start': '2025-05-14', 'mandate_end': '2026-05-14'}"
https://links.sgx.com/1.0.0/corporate-announcements/ZZN2FHXTGFQFG3J3/04e3c0e7d9a39ff4c8b0375807dcfa5694c4795c92df91bc20d0f4c68428a37b,5AB,2025-12-11,On Market,"{'highest': 0.101, 'lowest': 0.1}",7083.47,70000,20205200,"{'mandate_total': 30667102, 'cumulative_purchased': 2759300, 'mandate_remaining': 27907802, 'mandate_start': '2025-04-30', 'mandate_end': '2026-04-30'}"
https://links.sgx.com/1.0.0/corporate-announcements/M0K45ZOAEEO1JWXN/4a8f1cd41f7ffa92710479f75e7b19aa3057fb6fe2cf56976d483e5d31efc174,I06,2025-12-11,On Market,{'price_paid_per_share': 0.375},751.15,2000,6036134,"{'mandate_total': 10809221, 'cumulative_purchased': 735800, 'mandate_remaining': 10073421, 'mandate_start': '2025-04-24', 'mandate_end': '2026-04-24'}"
https://links.sgx.com/1.0.0/corporate-announcements/BAA8CC6EGRQQ9ULI/29b266d6c472ed147ec91b1c6a44cecfa8edbd258a586e360a355dc1a7e2d876,C33,2025-12-11,On Market,{'price_paid_per_share': 0.23},316179.84,1372300,26673800,"{'mandate_total': 89883935, 'cumulative_purchased': 13035200, 'mandate_remaining': 76848735, 'mandate_start': '2025-10-28', 'mandate_end': '2026-10-28'}"
https://links.sgx.com/1.0.0/corporate-announcements/R27SWCE4GQLU2SNU/91136aad5c66cbddcbc6e6ada12ecb3625b86787ce78c9a7670f038fcca3c55f,B73,2025-12-11,On Market,{'price_paid_per_share': 0.128},25619.91,200000,47636039,"{'mandate_total': 162257621, 'cumulative_purchased': 19050400, 'mandate_remaining': 143207221, 'mandate_start': '2025-04-29', 'mandate_end': '2026-04-29'}"
https://links.sgx.com/1.0.0/corporate-announcements/FKMH1O8PX1JRMYE7/cc1a45b34b97f202ba95b5bff52c0c40263ff9007a015aa0b8e631d676a0a462,LVR,2025-12-11,On Market,"{'highest': 1.11, 'lowest': 1.1}",55565.37,50000,9056700,"{'mandate_total': 18182098, 'cumulative_purchased': 7456900, 'mandate_remaining': 10725198, 'mandate_start': '2025-04-28', 'mandate_end': '2026-04-28'}"
https://links.sgx.com/1.0.0/corporate-announcements/PG45L3MW1LJJ020J/3d479a421de6be1a7706b828dc00613f8f2ec8b30366e9375f271d47073f10e5,F03,2025-12-11,On Market,{'price_paid_per_share': 2.43183},365331.52,150000,2252874,"{'mandate_total': 52692479, 'cumulative_purchased': 1534500, 'mandate_remaining': 51157979, 'mandate_start': '2025-04-17', 'mandate_end': '2026-04-17'}"
https://links.sgx.com/1.0.0/corporate-announcements/CP97BYB892S33O4N/35623bbdda50ecdce6aad51a8c133c270d771c8483008e953b74069c13a195b4,H30,2025-12-11,On Market,{'price_paid_per_share': 0.84},227517.29,270000,55341900,"{'mandate_total': 81929714, 'cumulative_purchased': 4026900, 'mandate_remaining': 77902814, 'mandate_start': '2025-04-30', 'mandate_end': '2026-04-30'}"
https://links.sgx.com/1.0.0/corporate-announcements/CYCH0F1HAGOB9B3Y/ec3efbefe9a77fda292aee31cab1448fa3ec8b331f1bbc85e0b58fc994bf1e28,SET,2025-12-12,On Market,"{'highest': 1.59, 'lowest': 1.56}",705396.43,445700,0,"{'mandate_total': 56088681, 'cumulative_purchased': 3557300, 'mandate_remaining': 52531381, 'mandate_start': '2025-04-29', 'mandate_end': '2026-04-29'}"
https://links.sgx.com/1.0.0/corporate-announcements/LL92FSON5HT0HZ1E/ae35b3fbbc48dcaf837dd16861a83e9dbceb4fd34cb197f51a9ae76b1b04dba9,LVR,2025-12-12,On Market,"{'highest': 1.11, 'lowest': 1.1}",55495.24,50000,9106700,"{'mandate_total': 18182098, 'cumulative_purchased': 7506900, 'mandate_remaining': 10675198, 'mandate_start': '2025-04-28', 'mandate_end': '2026-04-28'}"
https://links.sgx.com/1.0.0/corporate-announcements/KL7NP02ZN6C5B34C/4ec70f5118328a1a1a55dc75a2b883dc49739882792a895b6d5fb27f5e583f0b,BSL,2025-12-12,On Market,{'price_paid_per_share': 1.0},100130.81,100000,44380350,"{'mandate_total': 185073592, 'cumulative_purchased': 12416200, 'mandate_remaining': 172657392, 'mandate_start': '2025-04-25', 'mandate_end': '2026-04-25'}"
https://links.sgx.com/1.0.0/corporate-announcements/VUPBYNBMXM75R2CA/967d49420a65a3da5a0ff6ebfe9f52f2dc89f0399a18fcd322e67c3aea7bda0c,F99,2025-12-12,On Market,"{'highest': 1.48, 'lowest': 1.48}",52609.1,35500,1633130,"{'mandate_total': 101970158, 'cumulative_purchased': 1525400, 'mandate_remaining': 100444758, 'mandate_start': '2025-01-16', 'mandate_end': '2026-01-16'}"
https://links.sgx.com/1.0.0/corporate-announcements/3KGL20FHDTETEH33/96426e0bc31c72d1b91dcbe4e6d46ced3a6404d71d55da2e7bfee45e333c1129,AGS,2025-12-12,On Market,{'price_paid_per_share': 2.23},12760.53,5700,700900,"{'mandate_total': 64685158, 'cumulative_purchased': 1957000, 'mandate_remaining': 62728158, 'mandate_start': '2025-07-28', 'mandate_end': '2026-07-28'}"
https://links.sgx.com/1.0.0/corporate-announcements/27DVP575YWMPYBYQ/79edebf692a0e7451502850c12f262f8bf1f7e32e50d6166cc04c482f68d9cb9,CTO,2025-12-12,On Market,{'price_paid_per_share': 0.077},231730.58,3000000,0,"{'mandate_total': 51784411, 'cumulative_purchased': 5200000, 'mandate_remaining': 46584411, 'mandate_start': '2025-11-24', 'mandate_end': '2026-11-24'}"
https://links.sgx.com/1.0.0/corporate-announcements/7AGQ1WT2G8NWPTSI/ecb95c86ea585c496c84aafeff2531d26825cf4905754a794c5b5b86ddb8b236,I06,2025-12-12,On Market,{'price_paid_per_share': 0.375},7736.8,20600,6056734,"{'mandate_total': 10809221, 'cumulative_purchased': 756400, 'mandate_remaining': 10052821, 'mandate_start': '2025-04-24', 'mandate_end': '2026-04-24'}"
https://links.sgx.com/1.0.0/corporate-announcements/77FCST19HUNOQKR6/8bf1336f6f0edaafd181cf76593dfac7b766637fa738ad16f9c63a8965308aeb,C06,2025-12-12,On Market,{'price_paid_per_share': 0.016},16050.96,1000000,106082000,"{'mandate_total': 349026617, 'cumulative_purchased': 8000000, 'mandate_remaining': 341026617, 'mandate_start': '2025-07-30', 'mandate_end': '2026-07-30'}"
https://links.sgx.com/1.0.0/corporate-announcements/B4Y1W5QYY09LF9EQ/f3109eda39c6b3e343b66c4872bd90aa2241277b7d1a70c5399fed1fd0d8f17e,U77,2025-12-15,On Market,"{'highest': 0.245, 'lowest': 0.24}",9748.45,40000,16088074,"{'mandate_total': 17080164, 'cumulative_purchased': 854900, 'mandate_remaining': 16225264, 'mandate_start': '2025-04-24', 'mandate_end': '2026-04-24'}"
https://links.sgx.com/1.0.0/corporate-announcements/855U3JLDSTBK0H58/15b084d692d446cd03c40408884940a01171874777a3d45b98370d96e3e83773,BWM,2025-12-15,On Market,"{'highest': 0.45, 'lowest': 0.44}",66673.84,150000,18570500,"{'mandate_total': 145402470, 'cumulative_purchased': 4048200, 'mandate_remaining': 141354270, 'mandate_start': '2024-04-25', 'mandate_end': '2025-04-25'}"
https://links.sgx.com/1.0.0/corporate-announcements/6OIASBW97FXJTXLA/ac7d5623999f44fb6271d650502fafe3c1549e2e6e3d56419b0397f798756b1b,TCU,2025-12-15,On Market,{'price_paid_per_share': 1.26968},7903.08,6200,680700,"{'mandate_total': 23030960, 'cumulative_purchased': 600300, 'mandate_remaining': 22430660, 'mandate_start': '2025-04-25', 'mandate_end': '2026-04-25'}"
https://links.sgx.com/1.0.0/corporate-announcements/PUN80RKAOUQH8ECM/ab06eb49549f1ec9ea66be031a36b35f655855d99d4708becae456e00ab4b515,BSL,2025-12-15,On Market,{'price_paid_per_share': 1.01},3741.89,3700,44384050,"{'mandate_total': 185073592, 'cumulative_purchased': 12419900, 'mandate_remaining': 172653692, 'mandate_start': '2025-04-25', 'mandate_end': '2026-04-25'}"
https://links.sgx.com/1.0.0/corporate-announcements/L18XS0ULJFNT49GE/16514f3f415dc0e3ff8cc3e8b53a3e5d96db29ce5b59e25164df4194212969db,SET,2025-12-15,On Market,{'price_paid_per_share': 1.59},146264.29,91800,0,"{'mandate_total': 56088681, 'cumulative_purchased': 3649100, 'mandate_remaining': 52439581, 'mandate_start': '2025-04-29', 'mandate_end': '2026-04-29'}"
https://links.sgx.com/1.0.0/corporate-announcements/CQ3KWKAKHH7PQU54/0f5644f5a84828dd351c4b94a0ee3f3b5286c40f7b8effd6f1d31a49b65602c3,5AB,2025-12-15,On Market,"{'highest': 0.102, 'lowest': 0.1}",14402.73,141900,20347100,"{'mandate_total': 30667102, 'cumulative_purchased': 2901200, 'mandate_remaining': 27765902, 'mandate_start': '2025-04-30', 'mandate_end': '2026-04-30'}"
https://links.sgx.com/1.0.0/corporate-announcements/SHN3ZJ1JWHXSVFK6/8a9a693a4238b46acf4ea53e0a5213795fc70f35e901b5c2c3b7bf5aaedd13ef,H30,2025-12-15,On Market,{'price_paid_per_share': 0.83},218564.08,262500,55604400,"{'mandate_total': 81929714, 'cumulative_purchased': 4289400, 'mandate_remaining': 77640314, 'mandate_start': '2025-04-30', 'mandate_end': '2026-04-30'}"
https://links.sgx.com/1.0.0/corporate-announcements/I0RLSZIVH79VQVCK/d0c187a8f78846f3c2e5428b27821883fb086068bb1b2ee6b26fdb792f2fe7d2,AGS,2025-12-15,On Market,{'price_paid_per_share': 2.23},10306.45,4600,705500,"{'mandate_total': 64685158, 'cumulative_purchased': 1961600, 'mandate_remaining': 62723558, 'mandate_start': '2025-07-28', 'mandate_end': '2026-07-28'}"
https://links.sgx.com/1.0.0/corporate-announcements/MSLARAPGUDJFYEH4/265918a0c6bfa06587d5a1010f43804c9a868d2626648e36ea68faf6552a947a,LVR,2025-12-15,On Market,"{'highest': 1.11, 'lowest': 1.1}",55545.34,50000,9156700,"{'mandate_total': 18182098, 'cumulative_purchased': 7556900, 'mandate_remaining': 10625198, 'mandate_start': '2025-04-28', 'mandate_end': '2026-04-28'}"
https://links.sgx.com/1.0.0/corporate-announcements/D4P2B9NCXIE3XCHU/a986332f29e581d33c908347df956f44872631e41552820b1f96f91a4decca99,F03,2025-12-15,On Market,{'price_paid_per_share': 2.41033},362101.61,150000,2402874,"{'mandate_total': 52692479, 'cumulative_purchased': 1684500, 'mandate_remaining': 51007979, 'mandate_start': '2025-04-17', 'mandate_end': '2026-04-17'}"
https://links.sgx.com/1.0.0/corporate-announcements/G125L32K1EJD1QWV/09ae26af4499c3c350f5d560ddfee239fb2d6b87982bc1858b35fda26438e31a,TCU,2025-12-16,On Market,{'price_paid_per_share': 1.27107},24964.95,19600,700300,"{'mandate_total': 23030960, 'cumulative_purchased': 619900, 'mandate_remaining': 22411060, 'mandate_start': '2025-04-25', 'mandate_end': '2026-04-25'}"
https://links.sgx.com/1.0.0/corporate-announcements/X2LC7BOYDW675I4C/ce4e0fc9c6a98bf2372e1098a24d833773a42663651b25285e2f159091075420,XJB,2025-12-16,On Market,{'price_paid_per_share': 0.1512},7590.92,50000,4853600,"{'mandate_total': 106967380, 'cumulative_purchased': 735400, 'mandate_remaining': 106231980, 'mandate_start': '2025-04-28', 'mandate_end': '2026-04-28'}"
https://links.sgx.com/1.0.0/corporate-announcements/QVAUNUP31KXHEM2B/3f6e3cebee795878029bbba6d71d5ccc7ad6977490bf8311b59de060b5a4f550,AWX,2025-12-16,On Market,{'price_paid_per_share': 1.59},398540.25,250000,2367383,"{'mandate_total': 31317977, 'cumulative_purchased': 950000, 'mandate_remaining': 30367977, 'mandate_start': '2025-04-23', 'mandate_end': '2026-04-23'}"
https://links.sgx.com/1.0.0/corporate-announcements/K0D2OB65FZZ5NV2N/74e36e88b8bdc5eacab9d054b98079da1a19c058d3524a4e75d90e3747561e10,BWM,2025-12-16,On Market,"{'highest': 0.45, 'lowest': 0.44}",67225.78,150000,18720500,"{'mandate_total': 145402470, 'cumulative_purchased': 4198200, 'mandate_remaining': 141204270, 'mandate_start': '2024-04-25', 'mandate_end': '2025-04-25'}"
https://links.sgx.com/1.0.0/corporate-announcements/DGC1FD5EMIWWCENT/ba6b76339e3f691c6862f308c190f184a2497d624eb12d45883d7624c3063b63,5AB,2025-12-16,On Market,"{'highest': 0.105, 'lowest': 0.104}",19290.61,184000,20531100,"{'mandate_total': 30667102, 'cumulative_purchased': 3085200, 'mandate_remaining': 27581902, 'mandate_start': '2025-04-30', 'mandate_end': '2026-04-30'}"
https://links.sgx.com/1.0.0/corporate-announcements/QHSJ2LWGORR3RWTT/c8eedd21d903c31b71e8717f551f7fd01b05868f53b27f74a09a84a06060d485,SET,2025-12-16,On Market,"{'highest': 1.6, 'lowest': 1.59}",443000.9,277100,0,"{'mandate_total': 56088681, 'cumulative_purchased': 3926200, 'mandate_remaining': 52162481, 'mandate_start': '2025-04-29', 'mandate_end': '2026-04-29'}"
https://links.sgx.com/1.0.0/corporate-announcements/D9XAXLIFS47CYFNB/92d8dd0f7f7e7d188bcbdc00735ccf624af84d45738b2c2abfcc7074de67bf97,F03,2025-12-16,On Market,{'price_paid_per_share': 2.38445},477618.12,200000,2602874,"{'mandate_total': 52692479, 'cumulative_purchased': 1884500, 'mandate_remaining': 50807979, 'mandate_start': '2025-04-17', 'mandate_end': '2026-04-17'}"
https://links.sgx.com/1.0.0/corporate-announcements/JLPOOL2UULIARPCJ/b34ea05dcd3b402c865e6e69c6f7be3896a4aafc745101620b5063127b4aa570,AGS,2025-12-16,On Market,{'price_paid_per_share': 2.22769},2941.24,1300,706800,"{'mandate_total': 64685158, 'cumulative_purchased': 1962900, 'mandate_remaining': 62722258, 'mandate_start': '2025-07-28', 'mandate_end': '2026-07-28'}"
https://links.sgx.com/1.0.0/corporate-announcements/B94MFC4U0MEN1231/bb6f13d61f03ba50707b6fc6b327630972e149d7dc2ad5eab1128ca899c503e7,H30,2025-12-16,On Market,"{'highest': 0.84, 'lowest': 0.835}",142926.05,170000,55774400,"{'mandate_total': 81929714, 'cumulative_purchased': 4459400, 'mandate_remaining': 77470314, 'mandate_start': '2025-04-30', 'mandate_end': '2026-04-30'}"
https://links.sgx.com/1.0.0/corporate-announcements/B4Y1W5QYY09LF9EQ/f3109eda39c6b3e343b66c4872bd90aa2241277b7d1a70c5399fed1fd0d8f17e,U77,2025-12-15,On Market,"{'highest': 0.245, 'lowest': 0.24}",9748.45,40000,16088074,"{'mandate_total': 17080164, 'cumulative_purchased': 854900, 'mandate_remaining': 16225264, 'mandate_start': '2025-04-24', 'mandate_end': '2026-04-24'}"
https://links.sgx.com/1.0.0/corporate-announcements/H234H89OZXBX317W/a9627bc04d755f14fb9c0f0f84c5ec0b03c5078b12ae06ef193733ac70cf7e3d,U77,2025-12-17,On Market,{'price_paid_per_share': 0.24},4840.16,20000,16108074,"{'mandate_total': 17080164, 'cumulative_purchased': 874900, 'mandate_remaining': 16205264, 'mandate_start': '2025-04-24', 'mandate_end': '2026-04-24'}"
https://links.sgx.com/1.0.0/corporate-announcements/EQYU2LSZUZS2C82R/56a08944d35b4537c316b4b9335d924590e85d49975d49364a3890a2296bdd9c,SET,2025-12-17,On Market,{'price_paid_per_share': 1.6},334932.22,208900,0,"{'mandate_total': 56088681, 'cumulative_purchased': 4135100, 'mandate_remaining': 51953581, 'mandate_start': '2025-04-29', 'mandate_end': '2026-04-29'}"
https://links.sgx.com/1.0.0/corporate-announcements/CWQ97MW8WXP9CHX7/c917085fd2715a0384e87f36b86e624193f5c7ffa5d79524c28f8e4cfd40f71c,F99,2025-12-17,On Market,"{'highest': 1.48, 'lowest': 1.48}",15264.32,10300,1643430,"{'mandate_total': 101970158, 'cumulative_purchased': 1535700, 'mandate_remaining': 100434458, 'mandate_start': '2025-01-16', 'mandate_end': '2026-01-16'}"
https://links.sgx.com/1.0.0/corporate-announcements/2PFUW31TNISMIYCE/326efb20fed0ca3ee62276b856b19e3192661d324a2940dd9180ebc55d3ceb31,BWM,2025-12-17,On Market,"{'highest': 0.455, 'lowest': 0.45}",54391.91,120000,18840500,"{'mandate_total': 145402470, 'cumulative_purchased': 4318200, 'mandate_remaining': 141084270, 'mandate_start': '2024-04-25', 'mandate_end': '2025-04-25'}"
https://links.sgx.com/1.0.0/corporate-announcements/SKJ0CH4K9RIF9612/36af3846f309304d6ab5c45420044610283063a3d1aab5ee9f972c838a893152,F03,2025-12-17,On Market,{'price_paid_per_share': 2.39054},478837.99,200000,2792874,"{'mandate_total': 52692479, 'cumulative_purchased': 2084500, 'mandate_remaining': 50607979, 'mandate_start': '2025-04-17', 'mandate_end': '2026-04-17'}"
https://links.sgx.com/1.0.0/corporate-announcements/994B5PS8G9DEUCLF/f1aaf970a336e1a36a319d5700c6633faece6b68234abaf86c982fcf14cc7d4e,H30,2025-12-17,On Market,{'price_paid_per_share': 0.83},49957.82,60000,55834400,"{'mandate_total': 81929714, 'cumulative_purchased': 4519400, 'mandate_remaining': 77410314, 'mandate_start': '2025-04-30', 'mandate_end': '2026-04-30'}"
https://links.sgx.com/1.0.0/corporate-announcements/9BLFG8JXCL7KY02Z/fa29722810e335e05c34079dee5826afde753b3cc2b15c6fdd9f7b2a9cc473ff,U77,2025-12-18,On Market,"{'highest': 0.235, 'lowest': 0.23}",5891.9,25000,16133074,"{'mandate_total': 17080164, 'cumulative_purchased': 899900, 'mandate_remaining': 16180264, 'mandate_start': '2025-04-24', 'mandate_end': '2026-04-24'}"
https://links.sgx.com/1.0.0/corporate-announcements/TVC5NBQZR2U86N3P/77eb390d7a2b29814c3d6375463ae25282c123c18f34dca5bedfd16c5c47f930,I06,2025-12-18,On Market,{'price_paid_per_share': 0.375},751.15,2000,6058734,"{'mandate_total': 10809221, 'cumulative_purchased': 758400, 'mandate_remaining': 10050821, 'mandate_start': '2025-04-24', 'mandate_end': '2026-04-24'}"
https://links.sgx.com/1.0.0/corporate-announcements/WG1LBRP03RW3BWQ0/e5aa63b5ef64b27b46a3a9dada06756ba6f19957bd2c2aa99e2e097e5598328f,TCU,2025-12-18,On Market,{'price_paid_per_share': 1.25},12533.08,10000,710300,"{'mandate_total': 23030960, 'cumulative_purchased': 629900, 'mandate_remaining': 22401060, 'mandate_start': '2025-04-25', 'mandate_end': '2026-04-25'}"
https://links.sgx.com/1.0.0/corporate-announcements/UX18EK6GX9X8MSEN/c320af04562ec5d14bc12c0ce2521a2293421f2756d660dc7a3fefe0af8f3b91,SET,2025-12-18,On Market,{'price_paid_per_share': 1.6},311523.84,194300,0,"{'mandate_total': 56088681, 'cumulative_purchased': 4329400, 'mandate_remaining': 51759281, 'mandate_start': '2025-04-29', 'mandate_end': '2026-04-29'}"
https://links.sgx.com/1.0.0/corporate-announcements/O8QX6DTEZT0ZVIZP/c101c9d392a34bfdab01411c5736204f91b8225b1c3828f17e122e58394766bd,BTJ,2025-12-18,On Market,"{'highest': 0.42, 'lowest': 0.42}",11078.43,26300,0,"{'mandate_total': 10585782, 'cumulative_purchased': 1155200, 'mandate_remaining': 9430582, 'mandate_start': '2025-04-25', 'mandate_end': '2026-04-25'}"
https://links.sgx.com/1.0.0/corporate-announcements/JVH99VA6LQV7YBNS/cae3685db46ee6d2e1f4d23a0f4037121c44e7fb4f46d200f58d1d03dcd4aaff,AGS,2025-12-18,On Market,{'price_paid_per_share': 2.23},23695.07,10600,717400,"{'mandate_total': 64685158, 'cumulative_purchased': 1973500, 'mandate_remaining': 62711658, 'mandate_start': '2025-07-28', 'mandate_end': '2026-07-28'}"
https://links.sgx.com/1.0.0/corporate-announcements/8KIL4RBXFV5ISCG7/12ffac5e3087fbaaba8832029a26dda663eb69401f9eb099271ba6a34b8ebdd8,BWM,2025-12-18,On Market,"{'highest': 0.445, 'lowest': 0.44}",66424.2,150000,18990500,"{'mandate_total': 145402470, 'cumulative_purchased': 4468200, 'mandate_remaining': 140934270, 'mandate_start': '2024-04-25', 'mandate_end': '2025-04-25'}"
https://links.sgx.com/1.0.0/corporate-announcements/NKFC20QPPKYW8BPJ/85e7ed1776c70210306a63ab81e1e8c686c413002f086131e8c970866a9144d4,XJB,2025-12-18,On Market,{'price_paid_per_share': 0.15},402.79,2500,4856100,"{'mandate_total': 106967380, 'cumulative_purchased': 737900, 'mandate_remaining': 106229480, 'mandate_start': '2025-04-28', 'mandate_end': '2026-04-28'}"
https://links.sgx.com/1.0.0/corporate-announcements/ZF0SA2TP5MCI0KB9/444c23efc78644a4c87bd7bdbb5fb7e42f050157c7a555cfe5100692d1cd5588,AWX,2025-12-18,On Market,{'price_paid_per_share': 1.62},406059.87,250000,2617383,"{'mandate_total': 31317977, 'cumulative_purchased': 1200000, 'mandate_remaining': 30117977, 'mandate_start': '2025-04-23', 'mandate_end': '2026-04-23'}"
https://links.sgx.com/1.0.0/corporate-announcements/3HKQ216SD1EPXZY3/a276a627163e0941e2e5f52a9004dc4f008da69ab6b5a29b5d592eeb5dc2644e,F03,2025-12-18,On Market,{'price_paid_per_share': 2.37094},356184.09,150000,2942874,"{'mandate_total': 52692479, 'cumulative_purchased': 2234500, 'mandate_remaining': 50457979, 'mandate_start': '2025-04-17', 'mandate_end': '2026-04-17'}"
https://links.sgx.com/1.0.0/corporate-announcements/UNCOUVREIGEPD3WT/256f6717e0fe6f3c1874cec24628469e9a894549607f6d39adada04b7767e331,H30,2025-12-18,On Market,{'price_paid_per_share': 0.84},107860.25,128000,55962400,"{'mandate_total': 81929714, 'cumulative_purchased': 4647400, 'mandate_remaining': 77282314, 'mandate_start': '2025-04-30', 'mandate_end': '2026-04-30'}"
https://links.sgx.com/1.0.0/corporate-announcements/I7NN7VQ9QR0HDRQN/2b9fd0945c3b024519758c166722f373b01feb294e7d2aebf6cccc0b3803d69b,BTJ,2025-12-19,On Market,"{'highest': 0.43, 'lowest': 0.42}",78854.86,183600,0,"{'mandate_total': 10585782, 'cumulative_purchased': 1338800, 'mandate_remaining': 9246982, 'mandate_start': '2025-04-25', 'mandate_end': '2026-04-25'}"
https://links.sgx.com/1.0.0/corporate-announcements/WWHZ5M8VIBUWEPYJ/901eff8cb0a35e29a7c1874ac091fbaec0cf3c8b9fd6d30c0a1d3b6d3e533402,F03,2025-12-19,On Market,{'price_paid_per_share': 2.3614},236500.73,100000,3042874,"{'mandate_total': 52692479, 'cumulative_purchased': 2334500, 'mandate_remaining': 50357979, 'mandate_start': '2025-04-17', 'mandate_end': '2026-04-17'}"
https://links.sgx.com/1.0.0/corporate-announcements/58DBWO72802UU82P/7be347d56b31755f435cbff8ee415c14e40824aeb00fc42d910a083a98362610,I06,2025-12-19,On Market,{'price_paid_per_share': 0.375},3755.73,10000,6068734,"{'mandate_total': 10809221, 'cumulative_purchased': 768400, 'mandate_remaining': 10040821, 'mandate_start': '2025-04-24', 'mandate_end': '2026-04-24'}"
https://links.sgx.com/1.0.0/corporate-announcements/O4PJNUB7GERZKFO6/9c3a6307f682138589901590d237eae2eb8ceb0cc717b76f220a5598f7baaa07,BWM,2025-12-19,On Market,{'price_paid_per_share': 0.45},57570.6,127600,19118100,"{'mandate_total': 145402470, 'cumulative_purchased': 4595800, 'mandate_remaining': 140806670, 'mandate_start': '2024-04-25', 'mandate_end': '2025-04-25'}"
https://links.sgx.com/1.0.0/corporate-announcements/D99IWBSQ9BYR9C2T/5035fdc951e423561dc248efe3aa3e7ef47d5cd079fdc800095717b6dc7bf302,U77,2025-12-19,On Market,{'price_paid_per_share': 0.235},2386.0,10000,16143074,"{'mandate_total': 17080164, 'cumulative_purchased': 909900, 'mandate_remaining': 16170264, 'mandate_start': '2025-04-24', 'mandate_end': '2026-04-24'}"
https://links.sgx.com/1.0.0/corporate-announcements/FBR24K0SS92MOJ11/68be72bf047745e6e92b91ef305dd5d916bc7d79d325a8c7c6068486e8623b1a,1B6,2025-12-22,On Market,{'price_paid_per_share': 0.045},4545.94,100000,344400,"{'mandate_total': 43061028, 'cumulative_purchased': 344400, 'mandate_remaining': 42716628, 'mandate_start': '2025-04-29', 'mandate_end': '2026-04-29'}"
https://links.sgx.com/1.0.0/corporate-announcements/DTPEO9OWZP3TI3GU/dfbff76cae7a6bdf6816e7e395af984262c9ac2082f8a568f459325771d799f3,BWM,2025-12-22,On Market,"{'highest': 0.45, 'lowest': 0.445}",27519.75,61000,19179100,"{'mandate_total': 145402470, 'cumulative_purchased': 4656800, 'mandate_remaining': 140745670, 'mandate_start': '2024-04-25', 'mandate_end': '2025-04-25'}"
https://links.sgx.com/1.0.0/corporate-announcements/O0XJEWOAJGZYZOSJ/6d3c0fcb73bfbf19a65c9671f85bb2e23a1137d715ce4aa2f53f7986dbc29ecd,BTJ,2025-12-22,On Market,"{'highest': 0.435, 'lowest': 0.435}",10907.37,25000,0,"{'mandate_total': 10585782, 'cumulative_purchased': 1363800, 'mandate_remaining': 9221982, 'mandate_start': '2025-04-25', 'mandate_end': '2026-04-25'}"
https://links.sgx.com/1.0.0/corporate-announcements/SSB8US9SJ66LJK62/1972666a6fe91290edf05d136c2967f59b026b2d33023994be62ec13214e0a00,XJB,2025-12-22,On Market,{'price_paid_per_share': 0.15},4529.59,30000,4886100,"{'mandate_total': 106967380, 'cumulative_purchased': 767900, 'mandate_remaining': 106199480, 'mandate_start': '2025-04-28', 'mandate_end': '2026-04-28'}"
https://links.sgx.com/1.0.0/corporate-announcements/0GF7QL4QGWKVERNE/2085f3a281c3e4d0807bbe1f59c327151232271c30ba8367b21184f122f36f6c,H30,2025-12-22,On Market,{'price_paid_per_share': 0.84},101119.01,120000,56082400,"{'mandate_total': 81929714, 'cumulative_purchased': 4767400, 'mandate_remaining': 77162314, 'mandate_start': '2025-04-30', 'mandate_end': '2026-04-30'}"
https://links.sgx.com/1.0.0/corporate-announcements/W4ZG2LAU8N5DD9CH/effe133d4c1c4dce4a3704f0d1c71cabf3060260c7d289d822190d072736b42b,U77,2025-12-23,On Market,{'price_paid_per_share': 0.225},2386.0,10000,16153074,"{'mandate_total': 17080164, 'cumulative_purchased': 919900, 'mandate_remaining': 16160264, 'mandate_start': '2025-04-24', 'mandate_end': '2026-04-24'}"
https://links.sgx.com/1.0.0/corporate-announcements/FI036A73WW4QZ9SB/1b56ba91a759b83e5182020dc05228a8fc18c5cb611b1f5312f4c18ec3928395,BWM,2025-12-23,On Market,"{'highest': 0.46, 'lowest': 0.45}",53068.49,116000,19295100,"{'mandate_total': 145402470, 'cumulative_purchased': 4772800, 'mandate_remaining': 140629670, 'mandate_start': '2024-04-25', 'mandate_end': '2025-04-25'}"
https://links.sgx.com/1.0.0/corporate-announcements/1205J5NPWUVT4NR1/d92f5a98ce16b96433e415bdbfd312e2f136896806215280dee893fc64eed863,BTJ,2025-12-23,On Market,"{'highest': 0.445, 'lowest': 0.43}",37474.68,86300,0,"{'mandate_total': 10585782, 'cumulative_purchased': 1450100, 'mandate_remaining': 9135682, 'mandate_start': '2025-04-25', 'mandate_end': '2026-04-25'}"
https://links.sgx.com/1.0.0/corporate-announcements/FZ7B7EC5X8M276QD/e60aa8dfd49ee696c54a7b83d63cdd3684295f55faf0f4508447a34214bf4558,I06,2025-12-23,On Market,{'price_paid_per_share': 0.375},3755.73,10000,6078734,"{'mandate_total': 10809221, 'cumulative_purchased': 778400, 'mandate_remaining': 10030821, 'mandate_start': '2025-04-24', 'mandate_end': '2026-04-24'}"
https://links.sgx.com/1.0.0/corporate-announcements/1PDUR1XBTB677Y18/7faa4a14272924eadcaffa9a0cdb61d8f560bc810e01b5a4f857028c9b6c83a7,F03,2025-12-23,On Market,{'price_paid_per_share': 2.39229},479188.52,200000,3242874,"{'mandate_total': 52692479, 'cumulative_purchased': 2534500, 'mandate_remaining': 50157979, 'mandate_start': '2025-04-17', 'mandate_end': '2026-04-17'}"
https://links.sgx.com/1.0.0/corporate-announcements/ZIB2JJDIBNDI8PL0/0f0907d609039e2c08c79ef5e6e3349238ec3dc5a9f1e862153244ff31f3406a,H30,2025-12-23,On Market,{'price_paid_per_share': 0.845},244977.32,289000,56371400,"{'mandate_total': 81929714, 'cumulative_purchased': 5056400, 'mandate_remaining': 76873314, 'mandate_start': '2025-04-30', 'mandate_end': '2026-04-30'}"
https://links.sgx.com/1.0.0/corporate-announcements/HEYYCVYPG8UT6BVP/76835ff418e90cb900b47b900f843502c6cab90c22f0b7d0868bee6874b7fdb1,C33,2025-12-24,On Market,{'price_paid_per_share': 0.22928},445625.34,1940200,28614000,"{'mandate_total': 89883935, 'cumulative_purchased': 14975400, 'mandate_remaining': 74908535, 'mandate_start': '2025-10-28', 'mandate_end': '2026-10-28'}"
https://links.sgx.com/1.0.0/corporate-announcements/Y4MCWAGHZGUQN8E9/18b704eeae51edb1b2436778cb4bd3a5cd5627f231c496bc5d35cb371ab7463d,BWM,2025-12-24,On Market,{'price_paid_per_share': 0.46},69180.89,150000,19445100,"{'mandate_total': 145402470, 'cumulative_purchased': 4922800, 'mandate_remaining': 140479670, 'mandate_start': '2024-04-25', 'mandate_end': '2025-04-25'}"
https://links.sgx.com/1.0.0/corporate-announcements/MWBPESXEANQW8227/c235c216fcffec8c47ec41bfc1f1e16ebe3f687abda394114a1efcad164dfa37,BTJ,2025-12-24,On Market,"{'highest': 0.45, 'lowest': 0.445}",16603.33,36800,0,"{'mandate_total': 10585782, 'cumulative_purchased': 1486900, 'mandate_remaining': 9098882, 'mandate_start': '2025-04-25', 'mandate_end': '2026-04-25'}"
https://links.sgx.com/1.0.0/corporate-announcements/7EHQR03T78V56IU3/dc85c8be4820a3a1bc71f912496705b325a57af02dc551bd4b5c2a142d199c13,XJB,2025-12-26,On Market,{'price_paid_per_share': 0.15},1243.17,8100,4894200,"{'mandate_total': 106967380, 'cumulative_purchased': 776000, 'mandate_remaining': 106191380, 'mandate_start': '2025-04-28', 'mandate_end': '2026-04-28'}"
https://links.sgx.com/1.0.0/corporate-announcements/69WZAISIU0N8YYRE/f4a7b1f91414bff2c8b1eb9043af6372809eafeec4fbe48763b8d0fbb31e85fb,BTJ,2025-12-26,On Market,"{'highest': 0.45, 'lowest': 0.45}",6060.26,13400,0,"{'mandate_total': 10585782, 'cumulative_purchased': 1500300, 'mandate_remaining': 9085482, 'mandate_start': '2025-04-25', 'mandate_end': '2026-04-25'}"
https://links.sgx.com/1.0.0/corporate-announcements/O8ZPVASD455VKBB4/de0d70fea88f31db3b7b3b749d6fb6f0a1eff85a3da64454694d0bfbcaaa40f9,5AB,2025-12-26,On Market,"{'highest': 0.105, 'lowest': 0.099}",8072.24,80000,20611000,"{'mandate_total': 30667102, 'cumulative_purchased': 3165200, 'mandate_remaining': 27501902, 'mandate_start': '2025-04-30', 'mandate_end': '2026-04-30'}"
https://links.sgx.com/1.0.0/corporate-announcements/NJMRTX8YM773Y8ZV/45112d7930b9246ac6d549f3f06b0af204b616e839cd5066e64038a77dd8970e,C33,2025-12-26,On Market,{'price_paid_per_share': 0.23},737929.09,3202800,31816800,"{'mandate_total': 89883935, 'cumulative_purchased': 18178200, 'mandate_remaining': 71705735, 'mandate_start': '2025-10-28', 'mandate_end': '2026-10-28'}"
https://links.sgx.com/1.0.0/corporate-announcements/0RK3TZWM9Z3XEMUU/48026b5cfe20f8e35cbb818460e38beff82b9b69f60bc203491e2b16f56f12a2,I06,2025-12-26,On Market,{'price_paid_per_share': 0.375},375.57,1000,6079734,"{'mandate_total': 10809221, 'cumulative_purchased': 779400, 'mandate_remaining': 10029821, 'mandate_start': '2025-04-24', 'mandate_end': '2026-04-24'}"
https://links.sgx.com/1.0.0/corporate-announcements/OLE5LP5QMGWWE4PZ/c72a512de5f96a89541d4e9257109ddf35ed20f177f358e908c6d2ca0d7f2db0,BWM,2025-12-26,On Market,{'price_paid_per_share': 0.46},50317.67,109100,19554200,"{'mandate_total': 145402470, 'cumulative_purchased': 5031900, 'mandate_remaining': 140370570, 'mandate_start': '2024-04-25', 'mandate_end': '2025-04-25'}"
https://links.sgx.com/1.0.0/corporate-announcements/RWI65YM3T5E8CVFS/30c1007946a2967b6c94a39660a80a5e908372746d028c846742e6cbdd1505aa,U77,2025-12-26,On Market,"{'highest': 0.24, 'lowest': 0.235}",2436.04,10000,16163074,"{'mandate_total': 17080164, 'cumulative_purchased': 929900, 'mandate_remaining': 16150264, 'mandate_start': '2025-04-24', 'mandate_end': '2026-04-24'}"
https://links.sgx.com/1.0.0/corporate-announcements/FS7SDKEK6INFXONH/6708ab9ad4ae29fb0c27fd82e32c3acf10fc543e81b0efa93633489bda195843,XJB,2025-12-29,On Market,{'price_paid_per_share': 0.15},777.96,5000,4899200,"{'mandate_total': 106967380, 'cumulative_purchased': 781000, 'mandate_remaining': 106186380, 'mandate_start': '2025-04-28', 'mandate_end': '2026-04-28'}"
https://links.sgx.com/1.0.0/corporate-announcements/Z5ZFQYIY44F9OOX4/1bd93895235ed32f1a7cee3e799963e4233469cd42c39688098a44a991bc58b0,BTJ,2025-12-29,On Market,"{'highest': 0.465, 'lowest': 0.455}",48313.8,104000,0,"{'mandate_total': 10585782, 'cumulative_purchased': 1604300, 'mandate_remaining': 8981482, 'mandate_start': '2025-04-25', 'mandate_end': '2026-04-25'}"
https://links.sgx.com/1.0.0/corporate-announcements/4301EQGEB8JRJ45E/5f758c8faec570c56684d115449b7bb6cd47afd74bd3839647c335eba5ef3f7f,I06,2025-12-29,On Market,{'price_paid_per_share': 0.375},4506.87,12000,6091734,"{'mandate_total': 10809221, 'cumulative_purchased': 791400, 'mandate_remaining': 10017821, 'mandate_start': '2025-04-24', 'mandate_end': '2026-04-24'}"
https://links.sgx.com/1.0.0/corporate-announcements/J49SJSDB1B4X1U2N/59e28a8cff1b89286f3f6bc359662cd00007b852e26bbe69b33f194864953acd,BWM,2025-12-29,On Market,"{'highest': 0.46, 'lowest': 0.45}",68182.28,150000,19704200,"{'mandate_total': 145402470, 'cumulative_purchased': 5181900, 'mandate_remaining': 140220570, 'mandate_start': '2024-04-25', 'mandate_end': '2025-04-25'}"
https://links.sgx.com/1.0.0/corporate-announcements/U7OGN5RJ22Z74UM1/def0a437dc334673c361ad2eb3428397acd1e945e43852ed73bcc650f9987ea2,F03,2025-12-29,On Market,{'price_paid_per_share': 2.393},359498.15,150000,3392874,"{'mandate_total': 52692479, 'cumulative_purchased': 2684500, 'mandate_remaining': 50007979, 'mandate_start': '2025-04-17', 'mandate_end': '2026-04-17'}"
https://links.sgx.com/1.0.0/corporate-announcements/O3ZV1WP84IQMD1LU/f5ea196a10059f0f8579edaa659433a59827359a257c79c4e95d0cf9e83b31b9,C33,2025-12-30,On Market,{'price_paid_per_share': 0.23},359817.81,1561700,33378500,"{'mandate_total': 89883935, 'cumulative_purchased': 19739900, 'mandate_remaining': 70144035, 'mandate_start': '2025-10-28', 'mandate_end': '2026-10-28'}"
https://links.sgx.com/1.0.0/corporate-announcements/JBCHI6DQY12DYCDZ/fcf9b446356d32e942bb9a910d28f5a195510e9fdd9770e9a2a4e0d9ab3360ca,1B6,2025-12-30,On Market,{'price_paid_per_share': 0.046},8144.03,176000,520400,"{'mandate_total': 43061028, 'cumulative_purchased': 520400, 'mandate_remaining': 42540628, 'mandate_start': '2025-04-29', 'mandate_end': '2026-04-29'}"
https://links.sgx.com/1.0.0/corporate-announcements/O4AQL094D76UA60J/41d9db58ad56b4787e0b320b9f15992015d34789b47c6591896cb6f36696f0bb,BTJ,2025-12-30,On Market,"{'highest': 0.47, 'lowest': 0.465}",52362.45,111600,0,"{'mandate_total': 10585782, 'cumulative_purchased': 1715900, 'mandate_remaining': 8869882, 'mandate_start': '2025-04-25', 'mandate_end': '2026-04-25'}"
https://links.sgx.com/1.0.0/corporate-announcements/2E6F617HLEEOLCHI/92ccdc8e3aa93c98f99256e660e9461d7128dbbed5a6a403f8a045a6e2a55461,BWM,2025-12-30,On Market,"{'highest': 0.445, 'lowest': 0.44}",66774.61,150000,19854200,"{'mandate_total': 145402470, 'cumulative_purchased': 5331900, 'mandate_remaining': 140070570, 'mandate_start': '2024-04-25', 'mandate_end': '2025-04-25'}"
https://links.sgx.com/1.0.0/corporate-announcements/VSTB5F8EZT8WH9YN/73b44d7b80bb37814f7d6d609f2a587d6ede2ab9b3ea9943345c99fa180cd81f,F03,2025-12-30,On Market,{'price_paid_per_share': 2.40947},361972.41,150000,3382874,"{'mandate_total': 52692479, 'cumulative_purchased': 2834500, 'mandate_remaining': 49857979, 'mandate_start': '2025-04-17', 'mandate_end': '2026-04-17'}"
https://links.sgx.com/1.0.0/corporate-announcements/TUWHY1F96KGOF9KS/c9363acd134c2ae91ba60fcc0c6e90621941c8aee1f259f99630c0c13da1f110,B73,2025-12-31,On Market,{'price_paid_per_share': 0.128},38429.68,300000,47936039,"{'mandate_total': 162257621, 'cumulative_purchased': 19350400, 'mandate_remaining': 142907221, 'mandate_start': '2025-04-29', 'mandate_end': '2026-04-29'}"
https://links.sgx.com/1.0.0/corporate-announcements/IZVUEEX88GPN5AVB/953b68a4677355392d282eb372d0c3f964ba22764a41780d70fe281199f6d906,BTJ,2025-12-31,On Market,"{'highest': 0.48, 'lowest': 0.475}",41288.34,86000,0,"{'mandate_total': 10585782, 'cumulative_purchased': 1801900, 'mandate_remaining': 8783882, 'mandate_start': '2025-04-25', 'mandate_end': '2026-04-25'}"
https://links.sgx.com/1.0.0/corporate-announcements/CIYBWJ6OKGXKN8FE/2cbb6757f828a3fd2bc8fa4f10c9cee3c95911cf9c743b1e2f2d73fe06c73b33,C33,2025-12-31,On Market,{'price_paid_per_share': 0.23496},144517.42,614000,33992500,"{'mandate_total': 89883935, 'cumulative_purchased': 20353900, 'mandate_remaining': 69530035, 'mandate_start': '2025-10-28', 'mandate_end': '2026-10-28'}"
https://links.sgx.com/1.0.0/corporate-announcements/GC204NGV1M5UUN41/d08a6feac28892166e0465ee3de0c5b6bd92a2a3473bf9e8c08f98d77b6079d2,F03,2025-12-31,On Market,{'price_paid_per_share': 2.38924},478577.59,200000,3582874,"{'mandate_total': 52692479, 'cumulative_purchased': 3034500, 'mandate_remaining': 49657979, 'mandate_start': '2025-04-17', 'mandate_end': '2026-04-17'}"
https://links.sgx.com/1.0.0/corporate-announcements/1JETH96FHF8RMDL4/db6b9cb8cca6fe5effb0dd8a3863c8e11c5f6c819cd71211023322a9f8ee8c8f,BWM,2025-12-31,On Market,"{'highest': 0.45, 'lowest': 0.445}",22527.66,50000,19904200,"{'mandate_total': 145402470, 'cumulative_purchased': 5381900, 'mandate_remaining': 140020570, 'mandate_start': '2024-04-25', 'mandate_end': '2025-04-25'}"
https://links.sgx.com/1.0.0/corporate-announcements/NJ0KJ7G5UCUPF8IU/23fbb59e72056be95a0f538e29123bcca7fc53394ac9df5b4af7ff50d094e7ec,SEB,2026-01-02,On Market,{'price_paid_per_share': 2.44},171153.73,70000,0,"{'mandate_total': 56088681, 'cumulative_purchased': 4510600, 'mandate_remaining': 51578081, 'mandate_start': '2025-04-29', 'mandate_end': '2026-04-29'}"
https://links.sgx.com/1.0.0/corporate-announcements/CE91IXAD79KSVUE2/87f9eda88078e119cc1da6a7af5254fd4f1c7b5c19c77dd1bb59a054c038cb4e,SET,2026-01-02,On Market,{'price_paid_per_share': 1.6},178288.46,111200,0,"{'mandate_total': 56088681, 'cumulative_purchased': 4440600, 'mandate_remaining': 51648081, 'mandate_start': '2025-04-29', 'mandate_end': '2026-04-29'}"
https://links.sgx.com/1.0.0/corporate-announcements/I8A9KZKMCYDYE4LU/ae2e6133738b517fe9fe6c3b87de23cb74b7ed8d1d3407c21f3ebb306c171229,5AB,2026-01-02,On Market,"{'highest': 0.104, 'lowest': 0.102}",17516.85,170000,20781100,"{'mandate_total': 30667102, 'cumulative_purchased': 3335200, 'mandate_remaining': 27331902, 'mandate_start': '2025-04-30', 'mandate_end': '2026-04-30'}"
https://links.sgx.com/1.0.0/corporate-announcements/OMOTQLAJ6T25GYS9/8a5132cc4126638d746314c70d0c9e507f7f378421640ec6aa04d0c37d11908f,J2T,2026-01-02,On Market,{'price_paid_per_share': 0.4248},123448.0,290000,798500,"{'mandate_total': 51159549, 'cumulative_purchased': 290000, 'mandate_remaining': 50869549, 'mandate_start': '2025-04-23', 'mandate_end': '2026-04-23'}"
https://links.sgx.com/1.0.0/corporate-announcements/K6BUZNY2VCI6IW05/c010b441a9948acfe7e7bf6a80bd2463f31b0f508c2c7e4010c157e0473413b6,B73,2026-01-02,On Market,{'price_paid_per_share': 0.128},38429.68,300000,48236039,"{'mandate_total': 162257621, 'cumulative_purchased': 19650400, 'mandate_remaining': 142607221, 'mandate_start': '2025-04-29', 'mandate_end': '2026-04-29'}"
https://links.sgx.com/1.0.0/corporate-announcements/ZCZ3RK5354F83P9Y/2ee66621d4110240c39df1135683e285753999f207b10a35a82ef3a2dbdfaadb,5AB,2025-12-26,On Market,"{'highest': 0.105, 'lowest': 0.099}",8072.57,80000,20611100,"{'mandate_total': 30667, 'cumulative_purchased': 3165200, 'mandate_remaining': -3134532, 'mandate_start': '2025-04-30', 'mandate_end': '2026-04-30'}"
https://links.sgx.com/1.0.0/corporate-announcements/1L5JGHWYQQWOEOKD/9340134989faaded92f3e596c5638661b0f7ee17394f0c10a7fe500b918e56f2,U77,2026-01-02,On Market,{'price_paid_per_share': 0.235},2386.0,10000,16173074,"{'mandate_total': 17080164, 'cumulative_purchased': 939900, 'mandate_remaining': 16140264, 'mandate_start': '2025-04-24', 'mandate_end': '2026-04-24'}"
https://links.sgx.com/1.0.0/corporate-announcements/FBRUT2R38KB07BWJ/3c3e6dcf715e48ce7899f9a0c47401e9e0ba4519d0f9109c792cb8c6579b5cfb,BIP,2026-01-05,On Market,"{'highest': 0.155, 'lowest': 0.1545}",77061.96,496500,21059560,"{'mandate_total': 67990592, 'cumulative_purchased': 21059560, 'mandate_remaining': 46931032, 'mandate_start': '2025-08-29', 'mandate_end': '2026-08-29'}"
https://links.sgx.com/1.0.0/corporate-announcements/YQ4ROXQVJ2FO45PJ/21ac2eb735527f404bec58839dd62cdd0036e101ca0615de43bb64d92f886b8d,SEB,2026-01-05,On Market,{'price_paid_per_share': 2.44},73351.59,30000,0,"{'mandate_total': 56088681, 'cumulative_purchased': 4807400, 'mandate_remaining': 51281281, 'mandate_start': '2025-04-29', 'mandate_end': '2026-04-29'}"
https://links.sgx.com/1.0.0/corporate-announcements/J1DKJ3X9MQ391RU1/e33df610625c58dc6c14717970babfbce542903d263e34a7e4000b9d8896d960,SET,2026-01-05,On Market,{'price_paid_per_share': 1.6},427764.1,266800,0,"{'mandate_total': 56088681, 'cumulative_purchased': 4777400, 'mandate_remaining': 51311281, 'mandate_start': '2025-04-29', 'mandate_end': '2026-04-29'}"
https://links.sgx.com/1.0.0/corporate-announcements/X49851XGQ5XU3O4R/37b83541aaa69a0d1ff56561dd4c431aa25ce0a2fb4899a155b7f1e74b96e754,5PF,2026-01-05,On Market,{'price_paid_per_share': 0.14},9858.08,70000,1283400,"{'mandate_total': 10500000, 'cumulative_purchased': 283400, 'mandate_remaining': 10216600, 'mandate_start': '2025-07-24', 'mandate_end': '2026-07-24'}"
https://links.sgx.com/1.0.0/corporate-announcements/WVORG5IZ029TBO4V/44ff10c71fd102d75247a5eeb131e0c401ee7ceb62a4c894981f73d4fbb8e6fe,BTJ,2026-01-05,On Market,"{'highest': 0.495, 'lowest': 0.495}",10575.72,21300,0,"{'mandate_total': 10585782, 'cumulative_purchased': 1823200, 'mandate_remaining': 8762582, 'mandate_start': '2025-04-25', 'mandate_end': '2026-04-25'}"
https://links.sgx.com/1.0.0/corporate-announcements/U43B4LPCJ29EZQSD/4c8d72635d13cf49bb2c459a4be11e8f4b47f5982cd2c81aeedb54e28a9d6c19,LVR,2026-01-05,On Market,"{'highest': 1.11, 'lowest': 1.04}",55339.94,50000,9206700,"{'mandate_total': 18182098, 'cumulative_purchased': 7606900, 'mandate_remaining': 10575198, 'mandate_start': '2025-04-28', 'mandate_end': '2026-04-28'}"
https://links.sgx.com/1.0.0/corporate-announcements/K7EXJXIUOQ0MJUB4/d9b9100c406589d8dff8e45010e2faf68bc7dd5c05b93a7d72e77cc7b29cb9a4,I06,2026-01-05,On Market,{'price_paid_per_share': 0.375},4957.55,13200,6104934,"{'mandate_total': 10809221, 'cumulative_purchased': 804600, 'mandate_remaining': 10004621, 'mandate_start': '2025-04-24', 'mandate_end': '2026-04-24'}"
https://links.sgx.com/1.0.0/corporate-announcements/GROO4B0DPDPL3M7V/84e3e5e906b53cbd97cfcf2cd80049d8d6efa0d6f9812325ef13b8439e333b0b,B73,2026-01-05,On Market,{'price_paid_per_share': 0.128},38429.68,300000,48536039,"{'mandate_total': 162257621, 'cumulative_purchased': 19950400, 'mandate_remaining': 142307221, 'mandate_start': '2025-04-29', 'mandate_end': '2026-04-29'}"
https://links.sgx.com/1.0.0/corporate-announcements/TFJFJAD8IXJ8G07S/74b8ad64791ee819ff9b306b531e79dab114bebf07447e3032994d958a8c05d0,F03,2026-01-05,On Market,{'price_paid_per_share': 2.47035},371118.35,150000,3732874,"{'mandate_total': 52692479, 'cumulative_purchased': 3184500, 'mandate_remaining': 49507979, 'mandate_start': '2025-04-17', 'mandate_end': '2026-04-17'}"
https://links.sgx.com/1.0.0/corporate-announcements/4JRQ2PT2RPCR0HOB/0fee93c8220bf6e4b1e29ef0a7c7472417b94c39512a6199be2765e32a40551d,J2T,2026-01-05,On Market,{'price_paid_per_share': 0.435},78463.0,180000,978500,"{'mandate_total': 51159549, 'cumulative_purchased': 470000, 'mandate_remaining': 50689549, 'mandate_start': '2025-04-23', 'mandate_end': '2026-04-23'}"
https://links.sgx.com/1.0.0/corporate-announcements/0C7HZS31CBGDMWV4/9b2c52321866a5d857df5556dce41f5f3e564c5a774a3a84c3ab3d5d9f253c35,BIP,2026-01-06,On Market,"{'highest': 0.156, 'lowest': 0.155}",47037.31,302400,21361960,"{'mandate_total': 67990592, 'cumulative_purchased': 21361960, 'mandate_remaining': 46628632, 'mandate_start': '2025-08-29', 'mandate_end': '2026-08-29'}"
https://links.sgx.com/1.0.0/corporate-announcements/TZXQ83H6XZQRFWSF/992c06fee34a9c3d5f80cfda3fe7fb9e5a39917b1d5e013585fa348b59ce452a,U77,2026-01-06,On Market,{'price_paid_per_share': 0.235},2386.0,10000,16183074,"{'mandate_total': 17080164, 'cumulative_purchased': 949900, 'mandate_remaining': 16130264, 'mandate_start': '2025-04-24', 'mandate_end': '2026-04-24'}"
https://links.sgx.com/1.0.0/corporate-announcements/481URZWXZ9AY7AL0/15165772417305e6fd9876af74d5fbe7a0119f9d058900547914ddc3689b0e1e,SET,2026-01-06,On Market,{'price_paid_per_share': 1.6},7375.23,4600,0,"{'mandate_total': 56088681, 'cumulative_purchased': 4812000, 'mandate_remaining': 51276681, 'mandate_start': '2025-04-29', 'mandate_end': '2026-04-29'}"
https://links.sgx.com/1.0.0/corporate-announcements/OH2AUAVQZ96DWY88/8c40da03cddfbcaa6f06ee40dca5b7a7f0187347fc0bf05ceba17fa93f70b488,LVR,2026-01-06,On Market,"{'highest': 1.11, 'lowest': 1.09}",55074.45,50000,9256700,"{'mandate_total': 18182098, 'cumulative_purchased': 7656900, 'mandate_remaining': 10525198, 'mandate_start': '2025-04-28', 'mandate_end': '2026-04-28'}"
https://links.sgx.com/1.0.0/corporate-announcements/JD498B4L5SPN42E0/9e307c0ddb50c53b3debd64aba2e077a2edde7e416ed01a0953f350a8c745e44,B73,2026-01-06,On Market,{'price_paid_per_share': 0.128},38429.68,300000,48836039,"{'mandate_total': 162257621, 'cumulative_purchased': 20250400, 'mandate_remaining': 142007221, 'mandate_start': '2025-04-29', 'mandate_end': '2026-04-29'}"
https://links.sgx.com/1.0.0/corporate-announcements/66AMBI48OS4Z8MVB/24f11bf568b2af6c281bbdf68ff7ed74d244980bb4dbc82a154c848d9ddc1545,F03,2026-01-06,On Market,{'price_paid_per_share': 2.462},369863.93,150000,3882874,"{'mandate_total': 52692479, 'cumulative_purchased': 3334500, 'mandate_remaining': 49357979, 'mandate_start': '2025-04-17', 'mandate_end': '2026-04-17'}"
